Name,DataClass
000webhost,Email addresses
000webhost,IP addresses
000webhost,Names
000webhost,Passwords
123RF,Email addresses
123RF,IP addresses
123RF,Names
123RF,Passwords
123RF,Phone numbers
123RF,Physical addresses
123RF,Usernames
126,Email addresses
126,Passwords
17Media,Device information
17Media,Email addresses
17Media,IP addresses
17Media,Passwords
17Media,Usernames
17173,Email addresses
17173,Passwords
17173,Usernames
1win,Dates of birth
1win,Email addresses
1win,Geographic locations
1win,IP addresses
1win,Passwords
1win,Phone numbers
2844Breaches,Email addresses
2844Breaches,Passwords
2fast4u,Email addresses
2fast4u,Passwords
2fast4u,Usernames
500px,Dates of birth
500px,Email addresses
500px,Genders
500px,Geographic locations
500px,Names
500px,Passwords
500px,Usernames
7-Eleven,Dates of birth
7-Eleven,Email addresses
7-Eleven,Names
7-Eleven,Phone numbers
7-Eleven,Physical addresses
7k7k,Email addresses
7k7k,Passwords
7k7k,Usernames
8fit,Email addresses
8fit,Genders
8fit,Geographic locations
8fit,IP addresses
8fit,Names
8fit,Passwords
8tracks,Email addresses
8tracks,Passwords
9Lives,Email addresses
9Lives,Passwords
9Lives,Usernames
Abandonia,Email addresses
Abandonia,IP addresses
Abandonia,Passwords
Abandonia,Usernames
Abandonia2022,Email addresses
Abandonia2022,IP addresses
Abandonia2022,Passwords
Abandonia2022,Usernames
Abrigo,Email addresses
Abrigo,Employers
Abrigo,Job titles
Abrigo,Names
Abrigo,Phone numbers
Abrigo,Physical addresses
AbuseWithUs,Email addresses
AbuseWithUs,IP addresses
AbuseWithUs,Passwords
AbuseWithUs,Usernames
AcneOrg,Dates of birth
AcneOrg,Email addresses
AcneOrg,IP addresses
AcneOrg,Passwords
AcneOrg,Usernames
Activision,Email addresses
Activision,Geographic locations
Activision,Job titles
Activision,Names
Activision,Phone numbers
ActMobile,Email addresses
ActMobile,IP addresses
Acuity,Dates of birth
Acuity,Email addresses
Acuity,Genders
Acuity,IP addresses
Acuity,Names
Acuity,Phone numbers
Acuity,Physical addresses
Acuity,Salutations
Adapt,Email addresses
Adapt,Employers
Adapt,Job titles
Adapt,Names
Adapt,Phone numbers
Adapt,Physical addresses
Adapt,Social media profiles
ADDA,Email addresses
ADDA,Names
ADDA,Passwords
ADDA,Phone numbers
ADDI,Age groups
ADDI,Credit scores
ADDI,Device information
ADDI,Email addresses
ADDI,Government issued IDs
ADDI,Income levels
ADDI,IP addresses
ADDI,Latitude and longitude pairs
ADDI,Names
ADDI,Phone numbers
ADDI,Physical addresses
ADDI,Purchases
ADDI,Socioeconomic levels
Adecco,Email addresses
Adecco,Genders
Adecco,Geographic locations
Adecco,Marital statuses
Adecco,Names
Adecco,Passwords
Adecco,Phone numbers
ABFRL,Email addresses
ABFRL,Genders
ABFRL,Income levels
ABFRL,Job titles
ABFRL,Marital statuses
ABFRL,Names
ABFRL,Passwords
ABFRL,Phone numbers
ABFRL,Physical addresses
ABFRL,Purchases
ABFRL,Religions
ABFRL,Salutations
Adobe,Email addresses
Adobe,Password hints
Adobe,Passwords
Adobe,Usernames
AdoptMeTradingValues,Email addresses
AdoptMeTradingValues,IP addresses
AdoptMeTradingValues,Passwords
AdoptMeTradingValues,Usernames
Adpost,Email addresses
Adpost,Names
Adpost,Usernames
ADT,Dates of birth
ADT,Email addresses
ADT,Names
ADT,Partial government issued IDs
ADT,Phone numbers
ADT,Physical addresses
AdultFriendFinder,Dates of birth
AdultFriendFinder,Email addresses
AdultFriendFinder,Genders
AdultFriendFinder,Geographic locations
AdultFriendFinder,IP addresses
AdultFriendFinder,Races
AdultFriendFinder,Relationship statuses
AdultFriendFinder,Sexual orientations
AdultFriendFinder,Spoken languages
AdultFriendFinder,Usernames
AdultFriendFinder2016,Email addresses
AdultFriendFinder2016,Passwords
AdultFriendFinder2016,Spoken languages
AdultFriendFinder2016,Usernames
AdultFanFiction,Dates of birth
AdultFanFiction,Email addresses
AdultFanFiction,Names
AdultFanFiction,Passwords
AdvanceAutoParts,Email addresses
AdvanceAutoParts,Names
AdvanceAutoParts,Phone numbers
AdvanceAutoParts,Physical addresses
AerServ,Email addresses
AerServ,Employers
AerServ,Job titles
AerServ,Names
AerServ,Passwords
AerServ,Phone numbers
AerServ,Physical addresses
AgusiQTorrents,Email addresses
AgusiQTorrents,IP addresses
AgusiQTorrents,Passwords
AgusiQTorrents,Usernames
AhaShare,Email addresses
AhaShare,Genders
AhaShare,Geographic locations
AhaShare,IP addresses
AhaShare,Partial dates of birth
AhaShare,Passwords
AhaShare,Usernames
AhaShare,Website activity
AIType,Address book contacts
AIType,Apps installed on devices
AIType,Cellular network names
AIType,Dates of birth
AIType,Device information
AIType,Email addresses
AIType,Genders
AIType,Geographic locations
AIType,IMEI numbers
AIType,IMSI numbers
AIType,IP addresses
AIType,Names
AIType,Phone numbers
AIType,Profile photos
AIType,Social media profiles
Aimware,Email addresses
Aimware,IP addresses
Aimware,Passwords
Aimware,Private messages
Aimware,Usernames
Aimware,Website activity
Aipai,Email addresses
Aipai,Passwords
Ajarn,Dates of birth
Ajarn,Education levels
Ajarn,Email addresses
Ajarn,Genders
Ajarn,Geographic locations
Ajarn,Job applications
Ajarn,Marital statuses
Ajarn,Names
Ajarn,Nationalities
Ajarn,Passwords
Ajarn,Phone numbers
Ajarn,Profile photos
AKP,Email addresses
AKP,Email messages
Alcon,Email addresses
Alcon,Names
Alcon,Phone numbers
Alcon,Physical addresses
AlienStealerLogs,Email addresses
AlienStealerLogs,Passwords
AllianzLife,Dates of birth
AllianzLife,Email addresses
AllianzLife,Genders
AllianzLife,Names
AllianzLife,Phone numbers
AllianzLife,Physical addresses
AlpineReplay,Dates of birth
AlpineReplay,Email addresses
AlpineReplay,Genders
AlpineReplay,Names
AlpineReplay,Passwords
AlpineReplay,Physical attributes
AlpineReplay,Usernames
Altenen,Cryptocurrency wallet addresses
Altenen,Email addresses
Altenen,Passwords
Altenen,Usernames
Aman,Dates of birth
Aman,Email addresses
Aman,Genders
Aman,Language preferences
Aman,Names
Aman,Nationalities
Aman,Phone numbers
Aman,Physical addresses
Aman,Spouses names
Aman,VIP statuses
AmartFurniture,Email addresses
AmartFurniture,Names
AmartFurniture,Passwords
AmartFurniture,Phone numbers
AmartFurniture,Physical addresses
AmericanTower,Email addresses
AmericanTower,Job titles
AmericanTower,Names
AmericanTower,Phone numbers
AmericanTower,Physical addresses
Ameriprise,Email addresses
Ameriprise,Employers
Ameriprise,Financial transactions
Ameriprise,Job titles
Ameriprise,Names
Ameriprise,Phone numbers
Ameriprise,Physical addresses
Amtrak,Email addresses
Amtrak,Names
Amtrak,Physical addresses
Amtrak,Support tickets
Ancestry,Email addresses
Ancestry,Passwords
AndroidForums,Dates of birth
AndroidForums,Email addresses
AndroidForums,Homepage URLs
AndroidForums,Instant messenger identities
AndroidForums,IP addresses
AndroidForums,Passwords
AndroidLista,Email addresses
AndroidLista,Names
AndroidLista,Passwords
AndroidLista,Usernames
AnimalJam,Dates of birth
AnimalJam,Email addresses
AnimalJam,Genders
AnimalJam,IP addresses
AnimalJam,Names
AnimalJam,Passwords
AnimalJam,Physical addresses
AnimalJam,Usernames
AnimeGame,Email addresses
AnimeGame,Passwords
AnimeGame,Usernames
Animeify,Email addresses
Animeify,Genders
Animeify,Names
Animeify,Passwords
Animeify,Usernames
AnimeLeague,Dates of birth
AnimeLeague,Email addresses
AnimeLeague,IP addresses
AnimeLeague,Passwords
AnimeLeague,Phone numbers
AnimeLeague,Private messages
AnimeLeague,Purchases
AnimeLeague,Usernames
AnimePlanet,Dates of birth
AnimePlanet,Email addresses
AnimePlanet,IP addresses
AnimePlanet,Passwords
AnimePlanet,Usernames
Animoto,Dates of birth
Animoto,Email addresses
Animoto,Geographic locations
Animoto,Names
Animoto,Passwords
AntiPublic,Email addresses
AntiPublic,Passwords
ApexSMS,Email addresses
ApexSMS,Genders
ApexSMS,Geographic locations
ApexSMS,IP addresses
ApexSMS,Names
ApexSMS,Phone numbers
ApexSMS,Telecommunications carrier
APKTW,Email addresses
APKTW,IP addresses
APKTW,Passwords
APKTW,Usernames
APOIAse,Email addresses
APOIAse,Names
APOIAse,Physical addresses
Apollo,Email addresses
Apollo,Employers
Apollo,Geographic locations
Apollo,Job titles
Apollo,Names
Apollo,Phone numbers
Apollo,Salutations
Apollo,Social media profiles
Appartoo,Ages
Appartoo,Auth tokens
Appartoo,Email addresses
Appartoo,Employment statuses
Appartoo,Genders
Appartoo,IP addresses
Appartoo,Marital statuses
Appartoo,Names
Appartoo,Passwords
Appartoo,Physical addresses
Appartoo,Private messages
Appartoo,Social media profiles
Appen,Email addresses
Appen,Employers
Appen,IP addresses
Appen,Names
Appen,Passwords
Appen,Phone numbers
Aptoide,Browser user agent details
Aptoide,Email addresses
Aptoide,IP addresses
Aptoide,Names
Aptoide,Passwords
ArmorGames,Bios
ArmorGames,Dates of birth
ArmorGames,Email addresses
ArmorGames,Genders
ArmorGames,Geographic locations
ArmorGames,IP addresses
ArmorGames,Passwords
ArmorGames,Usernames
ArmyForceOnline,Avatars
ArmyForceOnline,Email addresses
ArmyForceOnline,Geographic locations
ArmyForceOnline,IP addresses
ArmyForceOnline,Names
ArmyForceOnline,Passwords
ArmyForceOnline,Usernames
ArmyForceOnline,Website activity
ArtistsNClients,Email addresses
ArtistsNClients,IP addresses
ArtistsNClients,Passwords
ArtistsNClients,Usernames
Artsy,Email addresses
Artsy,IP addresses
Artsy,Names
Artsy,Passwords
Artvalue,Email addresses
Artvalue,Names
Artvalue,Passwords
Artvalue,Salutations
Artvalue,Usernames
AshleyMadison,Dates of birth
AshleyMadison,Email addresses
AshleyMadison,Ethnicities
AshleyMadison,Genders
AshleyMadison,Names
AshleyMadison,Passwords
AshleyMadison,Payment histories
AshleyMadison,Phone numbers
AshleyMadison,Physical addresses
AshleyMadison,Security questions and answers
AshleyMadison,Sexual orientations
AshleyMadison,Usernames
AshleyMadison,Website activity
ANPS,Dates of birth
ANPS,Email addresses
ANPS,Names
ANPS,Places of birth
ANPS,Salutations
AstroPID,Email addresses
AstroPID,Instant messenger identities
AstroPID,IP addresses
AstroPID,Names
AstroPID,Passwords
AstroPID,Private messages
AstroPID,Usernames
AstroPID,Website activity
AllegedATT,Dates of birth
AllegedATT,Email addresses
AllegedATT,Government issued IDs
AllegedATT,Names
AllegedATT,Phone numbers
AllegedATT,Physical addresses
Aternos,Email addresses
Aternos,IP addresses
Aternos,Passwords
Aternos,Usernames
Aternos,Website activity
AtlasMenu,Email addresses
AtlasMenu,IP addresses
AtlasMenu,Passwords
AtlasMenu,Support tickets
AtlasMenu,Usernames
AtlasQuantum,Account balances
AtlasQuantum,Email addresses
AtlasQuantum,Names
AtlasQuantum,Phone numbers
Atmeltomo,Email addresses
Atmeltomo,IP addresses
Atmeltomo,Passwords
Atmeltomo,Usernames
Audi,Dates of birth
Audi,Driver's licenses
Audi,Email addresses
Audi,Names
Audi,Phone numbers
Audi,Physical addresses
Audi,Social security numbers
Audi,Vehicle details
Aura,Customer service records
Aura,Email addresses
Aura,IP addresses
Aura,Names
Aura,Phone numbers
Aura,Physical addresses
Autocentrum,Email addresses
Autocentrum,Passwords
AUTOSUR,Email addresses
AUTOSUR,Names
AUTOSUR,Phone numbers
AUTOSUR,Physical addresses
AUTOSUR,Vehicle details
AUTOSUR,Vehicle identification numbers (VINs)
AUTOSUR,Vehicle registration plates
Autotrader,Email addresses
Autotrader,Phone numbers
Autotrader,Physical addresses
Autotrader,Vehicle details
Autotrader,Vehicle identification numbers (VINs)
Avast,Email addresses
Avast,Passwords
Avast,Usernames
Avito,Email addresses
Avito,Geographic locations
Avito,IP addresses
Avito,Names
Avito,Phone numbers
Avvo,Email addresses
Avvo,Passwords
B2BUSABusinesses,Email addresses
B2BUSABusinesses,Employers
B2BUSABusinesses,Job titles
B2BUSABusinesses,Names
B2BUSABusinesses,Phone numbers
B2BUSABusinesses,Physical addresses
BabyNames,Email addresses
BabyNames,Passwords
Badoo,Dates of birth
Badoo,Email addresses
Badoo,Genders
Badoo,Names
Badoo,Passwords
Badoo,Usernames
BakerDistributing,Email addresses
BakerDistributing,Names
BakerDistributing,Phone numbers
BakerDistributing,Physical addresses
BakerDistributing,Support tickets
BannerBit,Email addresses
BannerBit,Passwords
Banorte,Account balances
Banorte,Email addresses
Banorte,Genders
Banorte,Government issued IDs
Banorte,Names
Banorte,Phone numbers
Banorte,Physical addresses
BattlefieldHeroes,Passwords
BattlefieldHeroes,Usernames
Battlefy,Email addresses
Battlefy,Passwords
Battlefy,Usernames
Baydoner,Dates of birth
Baydoner,Email addresses
Baydoner,Genders
Baydoner,Geographic locations
Baydoner,Government issued IDs
Baydoner,Names
Baydoner,Passwords
Baydoner,Phone numbers
Baydoner,Purchases
BCDTravel,Email addresses
BCDTravel,Employers
BCDTravel,Job titles
BCDTravel,Names
BCDTravel,Phone numbers
BCDTravel,Physical addresses
BCDTravel,Support tickets
BeautifulPeople,Beauty ratings
BeautifulPeople,Car ownership statuses
BeautifulPeople,Dates of birth
BeautifulPeople,Drinking habits
BeautifulPeople,Education levels
BeautifulPeople,Email addresses
BeautifulPeople,Genders
BeautifulPeople,Geographic locations
BeautifulPeople,Home ownership statuses
BeautifulPeople,Income levels
BeautifulPeople,IP addresses
BeautifulPeople,Job titles
BeautifulPeople,Names
BeautifulPeople,Passwords
BeautifulPeople,Personal descriptions
BeautifulPeople,Personal interests
BeautifulPeople,Physical attributes
BeautifulPeople,Sexual orientations
BeautifulPeople,Smoking habits
BeautifulPeople,Website activity
Beckett,Email addresses
Beckett,Names
Beckett,Phone numbers
Beckett,Physical addresses
Beckett,Usernames
Bell,Credit cards
Bell,Genders
Bell,Passwords
Bell,Usernames
Bell2017,Email addresses
Bell2017,Geographic locations
Bell2017,IP addresses
Bell2017,Job titles
Bell2017,Names
Bell2017,Passwords
Bell2017,Phone numbers
Bell2017,Spoken languages
Bell2017,Survey results
Bell2017,Usernames
Benchmark,Email addresses
Benchmark,IP addresses
Benchmark,Passwords
Benchmark,Usernames
Berkadia,Email addresses
Berkadia,Employers
Berkadia,Names
Berkadia,Phone numbers
Berkadia,Physical addresses
Bestialitysextaboo,Dates of birth
Bestialitysextaboo,Email addresses
Bestialitysextaboo,Genders
Bestialitysextaboo,Geographic locations
Bestialitysextaboo,IP addresses
Bestialitysextaboo,Passwords
Bestialitysextaboo,Private messages
Bestialitysextaboo,Usernames
Betterment,Dates of birth
Betterment,Device information
Betterment,Email addresses
Betterment,Employers
Betterment,Geographic locations
Betterment,Job titles
Betterment,Names
Betterment,Phone numbers
Betterment,Physical addresses
Bhinneka,Dates of birth
Bhinneka,Email addresses
Bhinneka,Genders
Bhinneka,Names
Bhinneka,Passwords
Bhinneka,Phone numbers
Bhinneka,Physical addresses
bigbasket,Dates of birth
bigbasket,Email addresses
bigbasket,IP addresses
bigbasket,Names
bigbasket,Passwords
bigbasket,Phone numbers
bigbasket,Physical addresses
BigMoneyJobs,Career levels
BigMoneyJobs,Education levels
BigMoneyJobs,Email addresses
BigMoneyJobs,Names
BigMoneyJobs,Passwords
BigMoneyJobs,Phone numbers
BigMoneyJobs,Physical addresses
BigMoneyJobs,Salutations
BigMoneyJobs,User website URLs
BigMoneyJobs,Website activity
BinWeevils,Ages
BinWeevils,Email addresses
BinWeevils,Genders
BinWeevils,IP addresses
BinWeevils,Passwords
BinWeevils,Usernames
BiohackMe,Email addresses
BiohackMe,Passwords
BiohackMe,Private messages
BiohackMe,Usernames
BTSec,Email addresses
BTSec,Passwords
BitcoinTalk,Dates of birth
BitcoinTalk,Email addresses
BitcoinTalk,Genders
BitcoinTalk,IP addresses
BitcoinTalk,Passwords
BitcoinTalk,Security questions and answers
BitcoinTalk,Usernames
BitcoinTalk,Website activity
Bitly,Email addresses
Bitly,Passwords
Bitly,Usernames
BitTorrent,Email addresses
BitTorrent,IP addresses
BitTorrent,Passwords
BitTorrent,Usernames
BitView,Bios
BitView,Comments
BitView,Dates of birth
BitView,Email addresses
BitView,Genders
BitView,Geographic locations
BitView,IP addresses
BitView,Passwords
BitView,Private messages
BitView,Usernames
BlackHatWorld,Dates of birth
BlackHatWorld,Email addresses
BlackHatWorld,Instant messenger identities
BlackHatWorld,IP addresses
BlackHatWorld,Passwords
BlackHatWorld,Usernames
BlackHatWorld,Website activity
BlackBerryFans,Email addresses
BlackBerryFans,IP addresses
BlackBerryFans,Passwords
BlackBerryFans,Usernames
BlackSpigotMC,Device information
BlackSpigotMC,Email addresses
BlackSpigotMC,Genders
BlackSpigotMC,Geographic locations
BlackSpigotMC,IP addresses
BlackSpigotMC,Passwords
BlackSpigotMC,Usernames
BlankMediaGames,Browser user agent details
BlankMediaGames,Email addresses
BlankMediaGames,IP addresses
BlankMediaGames,Passwords
BlankMediaGames,Purchases
BlankMediaGames,Usernames
BlankMediaGames,Website activity
BleachAnime,Email addresses
BleachAnime,Passwords
BleachAnime,Usernames
BloomsToday,Email addresses
BloomsToday,Names
BloomsToday,Partial credit card data
BloomsToday,Phone numbers
BloomsToday,Physical addresses
boAt,Email addresses
boAt,Names
boAt,Phone numbers
boAt,Physical addresses
Bolt,Email addresses
Bolt,IP addresses
Bolt,Passwords
Bolt,Usernames
BombujEu,Email addresses
BombujEu,Passwords
Bonobos,Email addresses
Bonobos,Historical passwords
Bonobos,IP addresses
Bonobos,Names
Bonobos,Partial credit card data
Bonobos,Passwords
Bonobos,Phone numbers
Bonobos,Physical addresses
Bonobos,Purchases
Bookchor,Dates of birth
Bookchor,Email addresses
Bookchor,Genders
Bookchor,IP addresses
Bookchor,Names
Bookchor,Passwords
Bookchor,Phone numbers
Bookchor,Social media profiles
BookCrossing,Dates of birth
BookCrossing,Email addresses
BookCrossing,Geographic locations
BookCrossing,IP addresses
BookCrossing,Names
BookCrossing,Passwords
BookCrossing,Usernames
Bookmate,Dates of birth
Bookmate,Email addresses
Bookmate,Genders
Bookmate,Geographic locations
Bookmate,Names
Bookmate,Passwords
Bookmate,Usernames
BotOfLegends,Email addresses
BotOfLegends,IP addresses
BotOfLegends,Passwords
BotOfLegends,Usernames
BotOfLegends,Website activity
Boulanger,Email addresses
Boulanger,Geographic locations
Boulanger,Latitude and longitude pairs
Boulanger,Names
Boulanger,Phone numbers
Boulanger,Physical addresses
BourseDesVols,Dates of birth
BourseDesVols,Email addresses
BourseDesVols,Flights taken
BourseDesVols,IP addresses
BourseDesVols,Names
BourseDesVols,Phone numbers
BourseDesVols,Physical addresses
BourseDesVols,Purchases
BouyguesTelecom,Bank account numbers
BouyguesTelecom,Dates of birth
BouyguesTelecom,Email addresses
BouyguesTelecom,Names
BouyguesTelecom,Phone numbers
BouyguesTelecom,Physical addresses
Boxee,Dates of birth
Boxee,Email addresses
Boxee,Geographic locations
Boxee,Historical passwords
Boxee,Instant messenger identities
Boxee,IP addresses
Boxee,Passwords
Boxee,Private messages
Boxee,User website URLs
Boxee,Usernames
BrandNewTube,Email addresses
BrandNewTube,Genders
BrandNewTube,IP addresses
BrandNewTube,Passwords
BrandNewTube,Private messages
BrandNewTube,Usernames
Brazzers,Email addresses
Brazzers,Passwords
Brazzers,Usernames
BreachForums,Email addresses
BreachForums,IP addresses
BreachForums,Passwords
BreachForums,Private messages
BreachForums,Usernames
BreachForums2025,Email addresses
BreachForums2025,Forum posts
BreachForums2025,Passwords
BreachForums2025,Private messages
BreachForums2025,Usernames
BreachForumsClone,Email addresses
BreachForumsClone,IP addresses
BreachForumsClone,Passwords
BreachForumsClone,Usernames
BreachForumsV5,Email addresses
BreachForumsV5,Passwords
BreachForumsV5,Usernames
BrinksHome,Dates of birth
BrinksHome,Email addresses
BrinksHome,Names
BrinksHome,Partial credit card data
BrinksHome,Phone numbers
BrinksHome,Physical addresses
BrinksHome,Purchases
BTCAlpha,Email addresses
BTCAlpha,IP addresses
BTCAlpha,Passwords
BTCAlpha,Usernames
BTCE,Account balances
BTCE,Email addresses
BTCE,IP addresses
BTCE,Passwords
BTCE,Usernames
BTCE,Website activity
BtoBet,Dates of birth
BtoBet,Email addresses
BtoBet,Financial transactions
BtoBet,Geographic locations
BtoBet,IP addresses
BtoBet,Names
BtoBet,Usernames
BudTrader,Email addresses
BudTrader,Passwords
BudTrader,Usernames
Bukalapak,Email addresses
Bukalapak,IP addresses
Bukalapak,Names
Bukalapak,Passwords
Bukalapak,Usernames
BulgarianNationalRevenueAgency,Email addresses
BulgarianNationalRevenueAgency,Names
BulgarianNationalRevenueAgency,Phone numbers
BulgarianNationalRevenueAgency,Physical addresses
BulgarianNationalRevenueAgency,Taxation records
BusinessAcumen,Email addresses
BusinessAcumen,Names
BusinessAcumen,Passwords
BusinessAcumen,Usernames
BusinessAcumen,Website activity
CafeMom,Email addresses
CafeMom,Passwords
CafePress,Email addresses
CafePress,Names
CafePress,Passwords
CafePress,Phone numbers
CafePress,Physical addresses
CanadaGoose,Device information
CanadaGoose,Email addresses
CanadaGoose,IP addresses
CanadaGoose,Names
CanadaGoose,Partial credit card data
CanadaGoose,Phone numbers
CanadaGoose,Physical addresses
CanadaGoose,Purchases
CanadaLife,Email addresses
CanadaLife,Job titles
CanadaLife,Names
CanadaLife,Phone numbers
CanadaLife,Physical addresses
CanadaLife,Salutations
CanadaLife,Support tickets
CanadianTire,Dates of birth
CanadianTire,Email addresses
CanadianTire,Genders
CanadianTire,Names
CanadianTire,Partial credit card data
CanadianTire,Passwords
CanadianTire,Phone numbers
CanadianTire,Physical addresses
CannabisForum,Dates of birth
CannabisForum,Email addresses
CannabisForum,Geographic locations
CannabisForum,Historical passwords
CannabisForum,Instant messenger identities
CannabisForum,IP addresses
CannabisForum,Passwords
CannabisForum,Private messages
CannabisForum,Usernames
CannabisForum,Website activity
Canva,Email addresses
Canva,Geographic locations
Canva,Names
Canva,Passwords
Canva,Usernames
CapialEconomics,Email addresses
CapialEconomics,Employers
CapialEconomics,Job titles
CapialEconomics,Names
CapialEconomics,Phone numbers
CapialEconomics,Physical addresses
CardingMafiaDec2021,Email addresses
CardingMafiaDec2021,IP addresses
CardingMafiaDec2021,Passwords
CardingMafiaDec2021,Usernames
CardingMafia,Email addresses
CardingMafia,IP addresses
CardingMafia,Passwords
CardingMafia,Usernames
CarGurus,Email addresses
CarGurus,IP addresses
CarGurus,Names
CarGurus,Phone numbers
CarGurus,Physical addresses
CarMax,Email addresses
CarMax,Names
CarMax,Phone numbers
CarMax,Physical addresses
Carnival,Dates of birth
Carnival,Email addresses
Carnival,Genders
Carnival,Geographic locations
Carnival,Loyalty program details
Carnival,Names
Carnival,Salutations
CashCrate,Email addresses
CashCrate,Names
CashCrate,Passwords
CashCrate,Physical addresses
Catho,Email addresses
Catho,Names
Catho,Passwords
Catho,Usernames
Catwatchful,Email addresses
Catwatchful,Passwords
CDProjektRed,Email addresses
CDProjektRed,Passwords
CDProjektRed,Usernames
CDEK,Email addresses
CDEK,Names
CDEK,Phone numbers
CentralTickets,Device information
CentralTickets,Email addresses
CentralTickets,IP addresses
CentralTickets,Names
CentralTickets,Passwords
CentralTickets,Phone numbers
CentralTickets,Purchases
CFGI,Email addresses
CFGI,Employers
CFGI,Job titles
CFGI,Names
CFGI,Phone numbers
CFGI,Physical addresses
Charter,Email addresses
Charter,Job titles
Charter,Names
Charter,Phone numbers
Charter,Physical addresses
Chatbooks,Email addresses
Chatbooks,Names
Chatbooks,Passwords
Chatbooks,Phone numbers
Chatbooks,Social media profiles
CheapAssGamer,Email addresses
CheapAssGamer,IP addresses
CheapAssGamer,Passwords
CheapAssGamer,Usernames
Chegg,Email addresses
Chegg,Names
Chegg,Passwords
Chegg,Phone numbers
Chegg,Physical addresses
Chegg,Usernames
Chess,Email addresses
Chess,Geographic locations
Chess,Names
Chess,Usernames
CSDN,Email addresses
CSDN,Passwords
CSDN,Usernames
Chowbus,Email addresses
Chowbus,Names
Chowbus,Phone numbers
Chowbus,Physical addresses
ChrisLeong,Dates of birth
ChrisLeong,Email addresses
ChrisLeong,Genders
ChrisLeong,Names
ChrisLeong,Nationalities
ChrisLeong,Phone numbers
ChrisLeong,Physical addresses
ChrisLeong,Purchases
ChrisLeong,Social media profiles
Cit0day,Email addresses
Cit0day,Passwords
CityBee,Email addresses
CityBee,Government issued IDs
CityBee,Names
CityBee,Passwords
CityJerks,Bios
CityJerks,Dates of birth
CityJerks,Email addresses
CityJerks,Geographic locations
CityJerks,IP addresses
CityJerks,Passwords
CityJerks,Private messages
CityJerks,Profile photos
CityJerks,Sexual orientations
CityJerks,Usernames
CivilOnline,Email addresses
CivilOnline,IP addresses
CivilOnline,Passwords
CivilOnline,Usernames
CivilOnline,Website activity
ClashOfKings,Email addresses
ClashOfKings,IP addresses
ClashOfKings,Passwords
ClashOfKings,Usernames
ClearVoiceSurveys,Dates of birth
ClearVoiceSurveys,Email addresses
ClearVoiceSurveys,Genders
ClearVoiceSurveys,IP addresses
ClearVoiceSurveys,Names
ClearVoiceSurveys,Passwords
ClearVoiceSurveys,Phone numbers
ClearVoiceSurveys,Physical addresses
ClickASnap,Email addresses
ClickASnap,Names
ClickASnap,Passwords
ClickASnap,Physical addresses
ClickASnap,Purchases
ClickASnap,Social media profiles
ClickASnap,Usernames
ClixSense,Account balances
ClixSense,Dates of birth
ClixSense,Email addresses
ClixSense,Genders
ClixSense,IP addresses
ClixSense,Names
ClixSense,Passwords
ClixSense,Payment histories
ClixSense,Payment methods
ClixSense,Physical addresses
ClixSense,Usernames
ClixSense,Website activity
CloudPets,Email addresses
CloudPets,Family members' names
CloudPets,Passwords
ClubPenguinRewritten,Email addresses
ClubPenguinRewritten,IP addresses
ClubPenguinRewritten,Passwords
ClubPenguinRewritten,Usernames
ClubPenguinRewrittenJul2019,Email addresses
ClubPenguinRewrittenJul2019,IP addresses
ClubPenguinRewrittenJul2019,Passwords
ClubPenguinRewrittenJul2019,Usernames
Coachella,Email addresses
Coachella,IP addresses
Coachella,Passwords
Coachella,Usernames
Cocospy,Email addresses
CodeStepByStep,Email addresses
CodeStepByStep,Names
CodeStepByStep,Usernames
Coinmama,Email addresses
Coinmama,Passwords
Coinmama,Usernames
CoinMarketCap,Email addresses
CoinTracker,Email addresses
CoinTracker,Partial phone numbers
Collection1,Email addresses
Collection1,Passwords
ColoCrossing,Email addresses
ColoCrossing,Names
ColoCrossing,Passwords
ColorDating,Bios
ColorDating,Dates of birth
ColorDating,Email addresses
ColorDating,Geographic locations
ColorDating,Names
ColorDating,Passwords
ColorDating,Profile photos
TelegramCombolists,Email addresses
TelegramCombolists,Passwords
TelegramCombolists,Usernames
Comcast,Email addresses
Comcast,Passwords
Comcast,Physical addresses
COMELEC,Biometric data
COMELEC,Dates of birth
COMELEC,Email addresses
COMELEC,Family members' names
COMELEC,Genders
COMELEC,Job titles
COMELEC,Marital statuses
COMELEC,Names
COMELEC,Passport numbers
COMELEC,Phone numbers
COMELEC,Physical addresses
COMELEC,Physical attributes
CondoCom,Email addresses
CondoCom,Names
CondoCom,Phone numbers
CondoCom,Physical addresses
Convex,Email addresses
Convex,IP addresses
Convex,Names
Convex,Phone numbers
CouponMomAndArmorGames,Email addresses
CouponMomAndArmorGames,Passwords
db8151dd,Email addresses
db8151dd,Job titles
db8151dd,Names
db8151dd,Phone numbers
db8151dd,Physical addresses
db8151dd,Social media profiles
CrackCommunity,Email addresses
CrackCommunity,IP addresses
CrackCommunity,Passwords
CrackCommunity,Usernames
CrackCommunity,Website activity
CrackedTO,Email addresses
CrackedTO,IP addresses
CrackedTO,Passwords
CrackedTO,Private messages
CrackedTO,Usernames
CrackingForum,Email addresses
CrackingForum,IP addresses
CrackingForum,Passwords
CrackingForum,Usernames
CraftRise,Email addresses
CraftRise,Geographic locations
CraftRise,Passwords
CraftRise,Usernames
CreamsCafe,Email addresses
CreamsCafe,Names
CreamsCafe,Phone numbers
CreamsCafe,Physical addresses
Creative,Email addresses
Creative,IP addresses
Creative,Passwords
Creative,Usernames
CrimeAgencyVBulletin,Email addresses
CrimeAgencyVBulletin,Passwords
CrimeAgencyVBulletin,Usernames
CrossFire,Email addresses
CrossFire,Passwords
CrossFire,Usernames
Crunchyroll,Email addresses
CTARS,Dates of birth
CTARS,Email addresses
CTARS,Genders
CTARS,Names
CTARS,Passwords
CTARS,Personal health data
CTARS,Phone numbers
CTARS,Physical addresses
CTARS,Salutations
CTARS,Usernames
CTT,Email addresses
CTT,Names
CTT,Phone numbers
Cultura,Email addresses
Cultura,Names
Cultura,Phone numbers
Cultura,Physical addresses
Cultura,Purchases
CushmanWakefield,Email addresses
CushmanWakefield,Job titles
CushmanWakefield,Names
CushmanWakefield,Phone numbers
CushmanWakefield,Physical addresses
CushmanWakefield,Salutations
CutiesAI,Avatars
CutiesAI,Display names
CutiesAI,Email addresses
CutoutPro,Email addresses
CutoutPro,IP addresses
CutoutPro,Names
CutoutPro,Passwords
CyberServe,Dates of birth
CyberServe,Drinking habits
CyberServe,Email addresses
CyberServe,Family structure
CyberServe,Genders
CyberServe,Geographic locations
CyberServe,HIV statuses
CyberServe,IP addresses
CyberServe,Names
CyberServe,Passwords
CyberServe,Personal health data
CyberServe,Phone numbers
CyberServe,Physical attributes
CyberServe,Private messages
CyberServe,Profile photos
CyberServe,Religions
CyberServe,Sexual orientations
CyberServe,Smoking habits
CyberServe,Usernames
D3scene,Email addresses
D3scene,IP addresses
D3scene,Passwords
D3scene,Usernames
DaFont,Email addresses
DaFont,Passwords
DaFont,Usernames
DailyQuiz,Email addresses
DailyQuiz,IP addresses
DailyQuiz,Passwords
DailyQuiz,Usernames
Dailymotion,Email addresses
Dailymotion,Passwords
Dailymotion,Usernames
DailyObjects,Email addresses
DailyObjects,Names
DailyObjects,Passwords
DailyObjects,Phone numbers
DailyObjects,Physical addresses
Dangdang,Email addresses
DaniWeb,Email addresses
DaniWeb,IP addresses
DaniWeb,Passwords
DataAndLeads,Email addresses
DataAndLeads,Employers
DataAndLeads,IP addresses
DataAndLeads,Job titles
DataAndLeads,Names
DataAndLeads,Phone numbers
DataAndLeads,Physical addresses
PDL,Email addresses
PDL,Employers
PDL,Geographic locations
PDL,Job titles
PDL,Names
PDL,Phone numbers
PDL,Social media profiles
DataEnrichment,Buying preferences
DataEnrichment,Charitable donations
DataEnrichment,Credit status information
DataEnrichment,Dates of birth
DataEnrichment,Email addresses
DataEnrichment,Family structure
DataEnrichment,Financial investments
DataEnrichment,Home ownership statuses
DataEnrichment,Income levels
DataEnrichment,Job titles
DataEnrichment,Marital statuses
DataEnrichment,Names
DataEnrichment,Net worths
DataEnrichment,Phone numbers
DataEnrichment,Physical addresses
DataEnrichment,Political donations
DataTrollStealerLogs,Email addresses
DataTrollStealerLogs,Passwords
DataCamp,Email addresses
DataCamp,Geographic locations
DataCamp,IP addresses
DataCamp,Names
DataCamp,Passwords
DateHotBrunettes,Bios
DateHotBrunettes,Email addresses
DateHotBrunettes,IP addresses
DateHotBrunettes,Passwords
DateHotBrunettes,Usernames
DatPiff,Email addresses
DatPiff,Passwords
DatPiff,Security questions and answers
DatPiff,Usernames
Dave,Dates of birth
Dave,Email addresses
Dave,Names
Dave,Passwords
Dave,Phone numbers
Dave,Physical addresses
Dave,Social security numbers
dBforums,Dates of birth
dBforums,Email addresses
dBforums,IP addresses
dBforums,Passwords
dBforums,Usernames
DCHealth,Citizenship statuses
DCHealth,Dates of birth
DCHealth,Email addresses
DCHealth,Employers
DCHealth,Ethnicities
DCHealth,Genders
DCHealth,Names
DCHealth,Phone numbers
DCHealth,Physical addresses
DCHealth,Purchases
DCHealth,Social security numbers
Deezer,Dates of birth
Deezer,Email addresses
Deezer,Genders
Deezer,Geographic locations
Deezer,IP addresses
Deezer,Names
Deezer,Spoken languages
Deezer,Usernames
DemandScience,Email addresses
DemandScience,Employers
DemandScience,Job titles
DemandScience,Names
DemandScience,Phone numbers
DemandScience,Physical addresses
DemandScience,Social media profiles
DemonForums,Email addresses
DemonForums,Passwords
DemonForums,Usernames
DennisKirk,Email addresses
DennisKirk,Geographic locations
DennisKirk,Names
DennisKirk,Phone numbers
DennisKirk,Purchases
DentaQuest,Dates of birth
DentaQuest,Email addresses
DentaQuest,Genders
DentaQuest,Government issued IDs
DentaQuest,Health insurance information
DentaQuest,Names
DentaQuest,Phone numbers
DentaQuest,Physical addresses
Descomplica,Email addresses
Descomplica,Names
Descomplica,Partial credit card data
Descomplica,Passwords
Descomplica,Purchases
DevilTorrents,Email addresses
DevilTorrents,Passwords
devkitPro,Email addresses
devkitPro,Passwords
devkitPro,Private messages
DietCom,Dates of birth
DietCom,Eating habits
DietCom,Email addresses
DietCom,IP addresses
DietCom,Names
DietCom,Passwords
DietCom,Physical attributes
DietCom,Usernames
digiDirect,Dates of birth
digiDirect,Email addresses
digiDirect,Names
digiDirect,Phone numbers
digiDirect,Physical addresses
Digimon,Email addresses
Digimon,Email messages
Digimon,IP addresses
Digimon,Names
DiskUnion,Email addresses
DiskUnion,Geographic locations
DiskUnion,Names
DiskUnion,Passwords
DiskUnion,Phone numbers
DiskUnion,Usernames
Disqus,Email addresses
Disqus,Passwords
Disqus,Usernames
DivineSkins,Email addresses
DivineSkins,Purchases
DivineSkins,Usernames
DivXSubTitles,Email addresses
DivXSubTitles,Passwords
DivXSubTitles,Usernames
DLH,Dates of birth
DLH,Email addresses
DLH,Names
DLH,Passwords
DLH,Usernames
DLH,Website activity
Dodonew,Email addresses
Dodonew,Usernames
Dominos,Email addresses
Dominos,Names
Dominos,Passwords
Dominos,Phone numbers
Dominos,Physical addresses
DominosIndia,Email addresses
DominosIndia,Names
DominosIndia,Phone numbers
DominosIndia,Physical addresses
DominosIndia,Purchases
Doomworld,Email addresses
Doomworld,IP addresses
Doomworld,Passwords
Doomworld,Usernames
DoorDash,Email addresses
DoorDash,Geographic locations
DoorDash,Names
DoorDash,Partial credit card data
Dota2,Email addresses
Dota2,IP addresses
Dota2,Passwords
Dota2,Usernames
Doxbin,Browser user agent details
Doxbin,Email addresses
Doxbin,Passwords
Doxbin,Usernames
DoxbinTOoDA,Email addresses
DoxbinTOoDA,Usernames
DoxbinScrape,Email addresses
Dragonica,Dates of birth
Dragonica,Email addresses
Dragonica,Names
Dragonica,Passwords
Dragonica,Spoken languages
Dragonica,Usernames
DragonNest,Email addresses
DragonNest,IP addresses
DragonNest,Passwords
DragonNest,Usernames
DriveSure,Email addresses
DriveSure,Names
DriveSure,Passwords
DriveSure,Phone numbers
DriveSure,Physical addresses
DriveSure,Vehicle details
Drizly,Dates of birth
Drizly,Device information
Drizly,Email addresses
Drizly,IP addresses
Drizly,Names
Drizly,Passwords
Drizly,Phone numbers
Drizly,Physical addresses
Dropbox,Email addresses
Dropbox,Passwords
Dubsmash,Email addresses
Dubsmash,Geographic locations
Dubsmash,Names
Dubsmash,Passwords
Dubsmash,Phone numbers
Dubsmash,Spoken languages
Dubsmash,Usernames
DucksUnlimited,Dates of birth
DucksUnlimited,Email addresses
DucksUnlimited,Names
DucksUnlimited,Passwords
DucksUnlimited,Phone numbers
DucksUnlimited,Physical addresses
DuelingNetwork,Email addresses
DuelingNetwork,IP addresses
DuelingNetwork,Passwords
DuelingNetwork,Usernames
DDO,Dates of birth
DDO,Email addresses
DDO,IP addresses
DDO,Passwords
DDO,Usernames
DDO,Website activity
Dunzo,Device information
Dunzo,Email addresses
Dunzo,Geographic locations
Dunzo,IP addresses
Dunzo,Names
Dunzo,Phone numbers
Duolingo,Email addresses
Duolingo,Names
Duolingo,Spoken languages
Duolingo,Usernames
Duowan,Email addresses
Duowan,Passwords
Duowan,Usernames
DVDShopCH,Email addresses
DVDShopCH,Passwords
Dymocks,Dates of birth
Dymocks,Email addresses
Dymocks,Genders
Dymocks,Names
Dymocks,Phone numbers
Dymocks,Physical addresses
Earth2,Email addresses
Earth2,Usernames
Eatigo,Email addresses
Eatigo,Genders
Eatigo,Names
Eatigo,Passwords
Eatigo,Phone numbers
Eatigo,Social media profiles
EatStreet,Dates of birth
EatStreet,Email addresses
EatStreet,Genders
EatStreet,Names
EatStreet,Partial credit card data
EatStreet,Passwords
EatStreet,Phone numbers
EatStreet,Physical addresses
EatStreet,Social media profiles
ECCIE,Dates of birth
ECCIE,Email addresses
ECCIE,IP addresses
ECCIE,Passwords
ECCIE,Usernames
Edmodo,Email addresses
Edmodo,Passwords
Edmodo,Usernames
Edmunds,Device information
Edmunds,Email addresses
Edmunds,IP addresses
Edmunds,Passwords
Edmunds,Phone numbers
Edmunds,Usernames
Elance,Email addresses
Elance,Employers
Elance,Geographic locations
Elance,Passwords
Elance,Phone numbers
Elance,Usernames
Elanic,Email addresses
Elanic,Geographic locations
Elanic,Usernames
ElasticsearchSalesLeads,Email addresses
ElasticsearchSalesLeads,Employers
ElasticsearchSalesLeads,Names
ElasticsearchSalesLeads,Physical addresses
Emotet,Email addresses
Emotet,Passwords
Emuparadise,Email addresses
Emuparadise,IP addresses
Emuparadise,Passwords
Emuparadise,Usernames
ECB,Email addresses
ECB,Passwords
EPal,Email addresses
EPal,Purchases
EPal,Usernames
EpicGames,Email addresses
EpicGames,Passwords
EpicGames,Usernames
EpicBot,Email addresses
EpicBot,IP addresses
EpicBot,Passwords
EpicBot,Usernames
EpicNPC,Email addresses
EpicNPC,IP addresses
EpicNPC,Passwords
EpicNPC,Usernames
Epik,Email addresses
Epik,Names
Epik,Phone numbers
Epik,Physical addresses
Epik,Purchases
Eroticy,Email addresses
Eroticy,IP addresses
Eroticy,Names
Eroticy,Passwords
Eroticy,Payment histories
Eroticy,Phone numbers
Eroticy,Physical addresses
Eroticy,Usernames
Eroticy,Website activity
Eskimi,Dates of birth
Eskimi,Email addresses
Eskimi,Genders
Eskimi,Geographic locations
Eskimi,Passwords
Eskimi,Usernames
EstanteVirtual,Dates of birth
EstanteVirtual,Email addresses
EstanteVirtual,Names
EstanteVirtual,Passwords
EstanteVirtual,Phone numbers
EstanteVirtual,Physical addresses
EstanteVirtual,Usernames
Estonia,Email addresses
Estonia,Passwords
eThekwiniMunicipality,Dates of birth
eThekwiniMunicipality,Deceased date
eThekwiniMunicipality,Email addresses
eThekwiniMunicipality,Genders
eThekwiniMunicipality,Government issued IDs
eThekwiniMunicipality,Names
eThekwiniMunicipality,Passport numbers
eThekwiniMunicipality,Passwords
eThekwiniMunicipality,Phone numbers
eThekwiniMunicipality,Physical addresses
eThekwiniMunicipality,Utility bills
Ethereum,Email addresses
Ethereum,IP addresses
Ethereum,Passwords
Ethereum,Private messages
Ethereum,Usernames
Ethereum,Website activity
Eurofiber,Email addresses
Eurofiber,Names
Eurofiber,Phone numbers
EuropaJobs,Dates of birth
EuropaJobs,Email addresses
EuropaJobs,Geographic locations
EuropaJobs,Job applications
EuropaJobs,Names
EuropaJobs,Passwords
EuropaJobs,Phone numbers
EuropaJobs,Spoken languages
Evermotion,Dates of birth
Evermotion,Email addresses
Evermotion,Passwords
Evermotion,Usernames
EverybodyEdits,Email addresses
EverybodyEdits,IP addresses
EverybodyEdits,Usernames
Evite,Dates of birth
Evite,Email addresses
Evite,Genders
Evite,Names
Evite,Passwords
Evite,Phone numbers
Evite,Physical addresses
Evony,Email addresses
Evony,IP addresses
Evony,Passwords
Evony,Usernames
ExactSciences,Dates of birth
ExactSciences,Email addresses
ExactSciences,Genders
ExactSciences,Names
ExactSciences,Personal health data
ExactSciences,Phone numbers
ExactSciences,Physical addresses
Exactis,Credit status information
Exactis,Dates of birth
Exactis,Education levels
Exactis,Email addresses
Exactis,Ethnicities
Exactis,Family structure
Exactis,Financial investments
Exactis,Genders
Exactis,Home ownership statuses
Exactis,Income levels
Exactis,IP addresses
Exactis,Marital statuses
Exactis,Names
Exactis,Net worths
Exactis,Occupations
Exactis,Personal interests
Exactis,Phone numbers
Exactis,Physical addresses
Exactis,Religions
Exactis,Spoken languages
Experian,Credit status information
Experian,Dates of birth
Experian,Email addresses
Experian,Ethnicities
Experian,Family structure
Experian,Genders
Experian,Home ownership statuses
Experian,Income levels
Experian,IP addresses
Experian,Names
Experian,Phone numbers
Experian,Physical addresses
Experian,Purchasing habits
Experian2020,Email addresses
Experian2020,Employers
Experian2020,Government issued IDs
Experian2020,Names
Experian2020,Occupations
Experian2020,Phone numbers
ExploitIn,Email addresses
ExploitIn,Passwords
ExploreTalentAug2024,Email addresses
ExploreTalent,Email addresses
ExploreTalent,Names
ExploreTalent,Phone numbers
ExploreTalent,Physical addresses
VINs,Dates of birth
VINs,Email addresses
VINs,Family structure
VINs,Genders
VINs,Names
VINs,Phone numbers
VINs,Physical addresses
VINs,Vehicle details
Exvagos,Dates of birth
Exvagos,Email addresses
Exvagos,IP addresses
Exvagos,Passwords
Exvagos,Usernames
Eye4Fraud,Email addresses
Eye4Fraud,IP addresses
Eye4Fraud,Names
Eye4Fraud,Partial credit card data
Eye4Fraud,Passwords
Eye4Fraud,Phone numbers
Eye4Fraud,Physical addresses
EyeEm,Bios
EyeEm,Email addresses
EyeEm,Names
EyeEm,Passwords
EyeEm,Usernames
Facebook,Dates of birth
Facebook,Email addresses
Facebook,Employers
Facebook,Genders
Facebook,Geographic locations
Facebook,Names
Facebook,Phone numbers
Facebook,Relationship statuses
FacebookMarketplace,Email addresses
FacebookMarketplace,Geographic locations
FacebookMarketplace,Names
FacebookMarketplace,Passwords
FacebookMarketplace,Phone numbers
FacebookMarketplace,Social media profiles
Facepunch,Dates of birth
Facepunch,Email addresses
Facepunch,IP addresses
Facepunch,Passwords
Facepunch,Usernames
FaceUP,Dates of birth
FaceUP,Email addresses
FaceUP,Genders
FaceUP,Names
FaceUP,Passwords
FaceUP,Phone numbers
FaceUP,Usernames
Factual,Email addresses
Factual,Employers
Factual,Phone numbers
Factual,Physical addresses
FairVoteCanada,Email addresses
FairVoteCanada,Names
FairVoteCanada,Phone numbers
FairVoteCanada,Physical addresses
FairVoteCanada,Political donations
Famm,Dates of birth
Famm,Email addresses
Famm,Genders
Famm,Names
Famm,Passwords
Fanpass,Email addresses
Fanpass,Genders
Fanpass,Names
Fanpass,Partial dates of birth
Fanpass,Passwords
Fanpass,Phone numbers
Fanpass,Physical addresses
Fanpass,Purchases
Fanpass,Social media profiles
FantasyFootballHub,Email addresses
FantasyFootballHub,IP addresses
FantasyFootballHub,Names
FantasyFootballHub,Passwords
FantasyFootballHub,Purchases
FantasyFootballHub,Usernames
WhiteRoom,Browser user agent details
WhiteRoom,Dates of birth
WhiteRoom,Email addresses
WhiteRoom,Genders
WhiteRoom,IP addresses
WhiteRoom,Names
WhiteRoom,Passwords
WhiteRoom,Phone numbers
WhiteRoom,Physical addresses
WhiteRoom,Purchases
FashionFantasyGame,Email addresses
FashionFantasyGame,Passwords
FFR,Dates of birth
FFR,Email addresses
FFR,Names
FFR,Phone numbers
Figure,Dates of birth
Figure,Email addresses
Figure,Names
Figure,Phone numbers
Figure,Physical addresses
FilmaiIn,Email addresses
FilmaiIn,Passwords
FilmaiIn,Usernames
FFShrine,Email addresses
FFShrine,Passwords
FFShrine,Usernames
FFShrine,Website activity
Finsure,Email addresses
Finsure,Names
Finsure,Phone numbers
Finsure,Physical addresses
Fitmart,Email addresses
Fitmart,Passwords
FlashFlashRevolution,Email addresses
FlashFlashRevolution,Passwords
FlashFlashRevolution,Usernames
FlashFlashRevolution2019,Dates of birth
FlashFlashRevolution2019,Email addresses
FlashFlashRevolution2019,IP addresses
FlashFlashRevolution2019,Passwords
FlashFlashRevolution2019,Usernames
Flashback,Email addresses
Flashback,Government issued IDs
Flashback,Physical addresses
FlatEarthDave,Dates of birth
FlatEarthDave,Email addresses
FlatEarthDave,Genders
FlatEarthDave,Geographic locations
FlatEarthDave,Latitude and longitude pairs
FlatEarthDave,Names
FlatEarthDave,Passwords
FlatEarthDave,Usernames
FlexBooker,Email addresses
FlexBooker,Names
FlexBooker,Partial credit card data
FlexBooker,Passwords
FlexBooker,Phone numbers
Fling,Dates of birth
Fling,Email addresses
Fling,Genders
Fling,Geographic locations
Fling,IP addresses
Fling,Passwords
Fling,Phone numbers
Fling,Sexual fetishes
Fling,Sexual orientations
Fling,Usernames
Fling,Website activity
FlipaClip,Dates of birth
FlipaClip,Email addresses
FlipaClip,Geographic locations
FlipaClip,Names
FLVS,Dates of birth
FLVS,Email addresses
FLVS,Names
FLVS,Passwords
FLVS,School grades (class levels)
FLVS,Usernames
Fluke,Email addresses
Fluke,Employers
Fluke,Job titles
Fluke,Names
Fluke,Physical addresses
Fluke,Support tickets
RobloxDeveloperConference2024,Email addresses
RobloxDeveloperConference2024,IP addresses
RobloxDeveloperConference2024,Names
Foodora,Email addresses
Foodora,Names
Foodora,Passwords
Foodora,Phone numbers
Foodora,Physical addresses
Forbes,Email addresses
Forbes,Passwords
Forbes,User website URLs
Forbes,Usernames
ForumCommunity,Email addresses
ForumCommunity,Passwords
ForumCommunity,Usernames
Fotolog,Email addresses
Fotolog,Passwords
Fotolog,Usernames
FoxyBingo,Account balances
FoxyBingo,Browser user agent details
FoxyBingo,Dates of birth
FoxyBingo,Email addresses
FoxyBingo,Genders
FoxyBingo,Names
FoxyBingo,Passwords
FoxyBingo,Phone numbers
FoxyBingo,Physical addresses
FoxyBingo,Usernames
FoxyBingo,Website activity
FrameAndOptic,Email addresses
FrameAndOptic,Geographic locations
FrameAndOptic,Names
FrameAndOptic,Phone numbers
FreeMobile,Bank account numbers
FreeMobile,Dates of birth
FreeMobile,Genders
FreeMobile,Names
FreeMobile,Phone numbers
FreeMobile,Physical addresses
FreedomHostingII,Email addresses
FreedomHostingII,Passwords
FreedomHostingII,Usernames
FreeOnes,Email addresses
FreeOnes,IP addresses
FreeOnes,Passwords
FreeOnes,Usernames
FrenchCitizens,Device information
FrenchCitizens,Email addresses
FrenchCitizens,IP addresses
FrenchCitizens,Names
FrenchCitizens,Partial credit card data
FrenchCitizens,Phone numbers
FrenchCitizens,Physical addresses
FreshMenu,Device information
FreshMenu,Email addresses
FreshMenu,Names
FreshMenu,Phone numbers
FreshMenu,Physical addresses
FreshMenu,Purchases
Fridae,Email addresses
Fridae,Passwords
Fridae,Usernames
Fridae,Website activity
Funimation,Dates of birth
Funimation,Email addresses
Funimation,Passwords
Funimation,Usernames
FunnyGames,Email addresses
FunnyGames,IP addresses
FunnyGames,Passwords
FunnyGames,Usernames
FurAffinity,Email addresses
FurAffinity,Passwords
FurAffinity,Usernames
Gaadi,Email addresses
Gaadi,Genders
Gaadi,Geographic locations
Gaadi,IP addresses
Gaadi,Names
Gaadi,Passwords
Gaadi,Phone numbers
Gaadi,Usernames
Gab,Avatars
Gab,Email addresses
Gab,Names
Gab,Passwords
Gab,Private messages
Gab,Usernames
GamerzPlanet,Email addresses
GamerzPlanet,IP addresses
GamerzPlanet,Passwords
GamerzPlanet,Usernames
GamesBox,Ages
GamesBox,Email addresses
GamesBox,Genders
GamesBox,Passwords
GamesBox,Usernames
GameSalad,Email addresses
GameSalad,IP addresses
GameSalad,Passwords
GameSalad,Usernames
GameSprite,Email addresses
GameSprite,IP addresses
GameSprite,Passwords
GameSprite,Usernames
GameTuts,Email addresses
GameTuts,IP addresses
GameTuts,Passwords
GameTuts,Usernames
GameVN,Email addresses
GameVN,IP addresses
GameVN,Passwords
GameVN,Usernames
Gamigo,Email addresses
Gamigo,Passwords
GamingMonk,Dates of birth
GamingMonk,Email addresses
GamingMonk,Names
GamingMonk,Passwords
GamingMonk,Phone numbers
GamingMonk,Usernames
GateHub,Email addresses
GateHub,Encrypted keys
GateHub,Mnemonic phrases
GateHub,Passwords
Gawker,Email addresses
Gawker,Passwords
Gawker,Usernames
Gett,Email addresses
Gett,Names
Gett,Passwords
Gett,Social media profiles
GeekedIn,Email addresses
GeekedIn,Geographic locations
GeekedIn,Names
GeekedIn,Professional skills
GeekedIn,Usernames
GeekedIn,Years of professional experience
Gemini,Email addresses
Gemini,Partial phone numbers
Gemplex,Device information
Gemplex,Email addresses
Gemplex,Names
Gemplex,Passwords
Gemplex,Phone numbers
GenesisMarket,Browser user agent details
GenesisMarket,Credit card CVV
GenesisMarket,Credit cards
GenesisMarket,Dates of birth
GenesisMarket,Email addresses
GenesisMarket,Names
GenesisMarket,Passwords
GenesisMarket,Phone numbers
GenesisMarket,Physical addresses
GenesisMarket,Usernames
GeniusU,Email addresses
GeniusU,Genders
GeniusU,IP addresses
GeniusU,Names
GeniusU,Passwords
GeniusU,Social media profiles
GermanDonerKebab,Email addresses
GermanDonerKebab,Names
GermanDonerKebab,Phone numbers
GermanDonerKebab,Physical addresses
GetRevengeOnYourEx,Email addresses
GetRevengeOnYourEx,IP addresses
GetRevengeOnYourEx,Names
GetRevengeOnYourEx,Passwords
GetRevengeOnYourEx,Phone numbers
GetRevengeOnYourEx,Physical addresses
GetRevengeOnYourEx,Purchases
GFAN,Email addresses
GFAN,IP addresses
GFAN,Passwords
GFAN,Usernames
GGCorp,Email addresses
GGCorp,IP addresses
GGCorp,Passwords
GGCorp,Usernames
GiantTiger,Email addresses
GiantTiger,Names
GiantTiger,Phone numbers
GiantTiger,Physical addresses
Giglio,Email addresses
Giglio,Names
Giglio,Phone numbers
Giglio,Physical addresses
GiveSendGo,Email addresses
GiveSendGo,Geographic locations
GiveSendGo,Names
GiveSendGo,Purchases
GLAMIRA,Email addresses
GLAMIRA,Names
GLAMIRA,Phone numbers
GLAMIRA,Purchases
GlendaleCommunityCollege,Academic records
GlendaleCommunityCollege,Dates of birth
GlendaleCommunityCollege,Email addresses
GlendaleCommunityCollege,Genders
GlendaleCommunityCollege,Government issued IDs
GlendaleCommunityCollege,Names
GlendaleCommunityCollege,Phone numbers
GlendaleCommunityCollege,Physical addresses
Glofox,Dates of birth
Glofox,Email addresses
Glofox,Genders
Glofox,Names
Glofox,Passwords
Glofox,Phone numbers
GoGames,Email addresses
GoGames,IP addresses
GoGames,Passwords
GoGames,Usernames
GoNinja,Email addresses
GoNinja,IP addresses
GoNinja,Passwords
GoNinja,Usernames
GoldSilver,Bank account numbers
GoldSilver,Email addresses
GoldSilver,IP addresses
GoldSilver,Names
GoldSilver,Partial credit card data
GoldSilver,Passport numbers
GoldSilver,Phone numbers
GoldSilver,Physical addresses
GoldSilver,Purchases
GoldSilver,Security questions and answers
GoldSilver,Social security numbers
GooseCreek,Email addresses
GooseCreek,Names
GooseCreek,Phone numbers
GooseCreek,Physical addresses
GooseCreek,Purchases
gPotato,Dates of birth
gPotato,Email addresses
gPotato,Genders
gPotato,IP addresses
gPotato,Names
gPotato,Passwords
gPotato,Physical addresses
gPotato,Security questions and answers
gPotato,Usernames
gPotato,Website activity
GPSUnderground,Dates of birth
GPSUnderground,Email addresses
GPSUnderground,IP addresses
GPSUnderground,Passwords
GPSUnderground,Usernames
Gravatar,Email addresses
Gravatar,Names
Gravatar,Usernames
GSMHosting,Email addresses
GSMHosting,IP addresses
GSMHosting,Passwords
GSMHosting,Usernames
GTAGaming,Dates of birth
GTAGaming,Email addresses
GTAGaming,IP addresses
GTAGaming,Passwords
GTAGaming,Usernames
GTAGaming,Website activity
GunAuction,Browser user agent details
GunAuction,Email addresses
GunAuction,Genders
GunAuction,IP addresses
GunAuction,Partial credit card data
GunAuction,Partial dates of birth
GunAuction,Passwords
GunAuction,Phone numbers
GunAuction,Physical addresses
GunAuction,Usernames
Playgar,Email addresses
Playgar,IP addresses
Playgar,Passwords
Playgar,Usernames
GunsDotCom,Dates of birth
GunsDotCom,Email addresses
GunsDotCom,Names
GunsDotCom,Partial credit card data
GunsDotCom,Passwords
GunsDotCom,Phone numbers
GunsDotCom,Physical addresses
GunsDotCom,Purchases
Guntrader,Browser user agent details
Guntrader,Email addresses
Guntrader,Geographic locations
Guntrader,IP addresses
Guntrader,Names
Guntrader,Passwords
Guntrader,Phone numbers
Guntrader,Physical addresses
Guntrader,Salutations
HackForums,Dates of birth
HackForums,Email addresses
HackForums,Instant messenger identities
HackForums,IP addresses
HackForums,Passwords
HackForums,Social connections
HackForums,Spoken languages
HackForums,Time zones
HackForums,User website URLs
HackForums,Usernames
HackForums,Website activity
HackingTeam,Email addresses
HackingTeam,Email messages
Hakko,Dates of birth
Hakko,Email addresses
Hakko,Genders
Hakko,Names
Hakko,Passwords
Hakko,Phone numbers
Hakko,Physical addresses
Hakko,Usernames
Hallmark,Email addresses
Hallmark,Names
Hallmark,Phone numbers
Hallmark,Physical addresses
Hallmark,Support tickets
Hathway,Device information
Hathway,Email addresses
Hathway,IP addresses
Hathway,Names
Hathway,Passwords
Hathway,Phone numbers
Hathway,Physical addresses
Hathway,Salutations
Hathway,Support tickets
HauteLook,Dates of birth
HauteLook,Email addresses
HauteLook,Genders
HauteLook,Geographic locations
HauteLook,Names
HauteLook,Passwords
HaveFunTeaching,Browser user agent details
HaveFunTeaching,Email addresses
HaveFunTeaching,IP addresses
HaveFunTeaching,Names
HaveFunTeaching,Payment methods
HaveFunTeaching,Physical addresses
HaveFunTeaching,Purchases
Havenly,Email addresses
Havenly,Geographic locations
Havenly,Names
Havenly,Passwords
Havenly,Phone numbers
HDBFinancialServices,Dates of birth
HDBFinancialServices,Email addresses
HDBFinancialServices,Genders
HDBFinancialServices,Geographic locations
HDBFinancialServices,Loan information
HDBFinancialServices,Names
HDBFinancialServices,Phone numbers
HealthNowNetworks,Dates of birth
HealthNowNetworks,Email addresses
HealthNowNetworks,Genders
HealthNowNetworks,Health insurance information
HealthNowNetworks,IP addresses
HealthNowNetworks,Names
HealthNowNetworks,Personal health data
HealthNowNetworks,Phone numbers
HealthNowNetworks,Physical addresses
HealthNowNetworks,Security questions and answers
HealthNowNetworks,Social connections
HeatGames,Email addresses
HeatGames,Geographic locations
HeatGames,IP addresses
HeatGames,Passwords
HelloCake,Dates of birth
HelloCake,Email addresses
HelloCake,Names
HelloCake,Phone numbers
HelloCake,Physical addresses
HelloCake,Purchases
Hemmakvall,Email addresses
Hemmakvall,Names
Hemmakvall,Passwords
Hemmakvall,Phone numbers
Hemmakvall,Physical addresses
Hemmelig,Email addresses
Hemmelig,Genders
Hemmelig,Nicknames
Hemmelig,Partial dates of birth
Hemmelig,Passwords
Hemmelig,Usernames
HeroesOfGaia,Browser user agent details
HeroesOfGaia,Email addresses
HeroesOfGaia,IP addresses
HeroesOfGaia,Usernames
HeroesOfGaia,Website activity
HeroesOfNewerth,Email addresses
HeroesOfNewerth,Passwords
HeroesOfNewerth,Usernames
HIAPK,Email addresses
HIAPK,Passwords
HIAPK,Usernames
Hjedd,Email addresses
Hjedd,IP addresses
Hjedd,Passwords
Hjedd,Usernames
HLTV,Email addresses
HLTV,Names
HLTV,Passwords
HLTV,Usernames
HLTV,Website activity
HomeChef,Email addresses
HomeChef,Geographic locations
HomeChef,IP addresses
HomeChef,Names
HomeChef,Partial credit card data
HomeChef,Passwords
HomeChef,Phone numbers
HomeRefill,Dates of birth
HomeRefill,Email addresses
HomeRefill,Names
HomeRefill,Passwords
HomeRefill,Phone numbers
HongFire,Dates of birth
HongFire,Email addresses
HongFire,IP addresses
HongFire,Passwords
HongFire,Usernames
HookersNL,Email addresses
HookersNL,IP addresses
HookersNL,Passwords
HookersNL,Usernames
Hopamedia,Email addresses
Hopamedia,Geographic locations
Hopamedia,Names
Hopamedia,Phone numbers
Hopamedia,Telecommunications carrier
HorseIsle,Email addresses
HorseIsle,Genders
HorseIsle,IP addresses
HorseIsle,Names
HorseIsle,Passwords
HorseIsle,Purchases
HorseIsle,Usernames
HotTopic,Dates of birth
HotTopic,Email addresses
HotTopic,Genders
HotTopic,Names
HotTopic,Partial credit card data
HotTopic,Phone numbers
HotTopic,Physical addresses
HotTopic,Purchases
HotTopic,Salutations
HoundDawgs,Email addresses
HoundDawgs,IP addresses
HoundDawgs,Passwords
HoundDawgs,Website activity
HoustonCityCollege,Academic records
HoustonCityCollege,Citizenship statuses
HoustonCityCollege,Dates of birth
HoustonCityCollege,Email addresses
HoustonCityCollege,Genders
HoustonCityCollege,Names
HoustonCityCollege,Phone numbers
HoustonCityCollege,Physical addresses
Houzz,Email addresses
Houzz,Geographic locations
Houzz,IP addresses
Houzz,Names
Houzz,Passwords
Houzz,Social media profiles
Houzz,Usernames
HTCMania,Dates of birth
HTCMania,Email addresses
HTCMania,Historical passwords
HTCMania,IP addresses
HTCMania,Passwords
HTCMania,Usernames
HTHStudios,Browser user agent details
HTHStudios,Dates of birth
HTHStudios,Email addresses
HTHStudios,IP addresses
HTHStudios,Names
HTHStudios,Phone numbers
HTHStudios,Physical addresses
HTHStudios,Purchases
HTHStudios,Usernames
Hub4Tech,Email addresses
Hub4Tech,Passwords
HuntStand,Dates of birth
HuntStand,Email addresses
HuntStand,Geographic locations
HuntStand,Names
Hurb,Dates of birth
Hurb,Email addresses
Hurb,IP addresses
Hurb,Names
Hurb,Passwords
Hurb,Phone numbers
Hurb,Social media profiles
HuskyOwners,Dates of birth
HuskyOwners,Email addresses
HuskyOwners,Time zones
HuskyOwners,Usernames
iDTech,Dates of birth
iDTech,Email addresses
iDTech,Names
iDTech,Passwords
IDCGames,Email addresses
IDCGames,Passwords
IDCGames,Usernames
iDressup,Email addresses
iDressup,Passwords
IIMJobs,Dates of birth
IIMJobs,Email addresses
IIMJobs,Geographic locations
IIMJobs,IP addresses
IIMJobs,Job applications
IIMJobs,Job titles
IIMJobs,Names
IIMJobs,Passwords
IIMJobs,Phone numbers
ILikeCheats,Email addresses
ILikeCheats,IP addresses
ILikeCheats,Passwords
ILikeCheats,Usernames
Imavex,Email addresses
Imavex,Genders
Imavex,Names
Imavex,Partial credit card data
Imavex,Passwords
Imavex,Phone numbers
Imavex,Physical addresses
Imavex,Purchases
Imavex,Usernames
iMenu360,Email addresses
iMenu360,Latitude and longitude pairs
iMenu360,Names
iMenu360,Phone numbers
iMenu360,Physical addresses
iMesh,Email addresses
iMesh,IP addresses
iMesh,Passwords
iMesh,Usernames
imgur,Email addresses
imgur,Passwords
IndiaMART,Email addresses
IndiaMART,Names
IndiaMART,Phone numbers
IndiaMART,Physical addresses
IndianRailways,Email addresses
IndianRailways,Passwords
IndianRailways,Usernames
IndiHome,Device information
IndiHome,Email addresses
IndiHome,Genders
IndiHome,Geographic locations
IndiHome,IP addresses
IndiHome,Names
InfiniteCampus,Email addresses
InfiniteCampus,Employers
InfiniteCampus,Job titles
InfiniteCampus,Names
InfiniteCampus,Phone numbers
InfiniteCampus,Physical addresses
InfiniteCampus,Support tickets
InfiniteCampus,Usernames
InflateVids,Email addresses
InflateVids,Genders
InflateVids,IP addresses
InflateVids,Passwords
InflateVids,Usernames
Insanelyi,Email addresses
Insanelyi,Passwords
Insanelyi,Usernames
Insanelyi,Website activity
Instagram,Display names
Instagram,Email addresses
Instagram,Geographic locations
Instagram,Phone numbers
Instagram,Usernames
InstantCheckmate,Email addresses
InstantCheckmate,Names
InstantCheckmate,Passwords
InstantCheckmate,Phone numbers
InstitutoNacionalDeDeportesDeChile,Dates of birth
InstitutoNacionalDeDeportesDeChile,Email addresses
InstitutoNacionalDeDeportesDeChile,Genders
InstitutoNacionalDeDeportesDeChile,Names
InstitutoNacionalDeDeportesDeChile,Passwords
InstitutoNacionalDeDeportesDeChile,Usernames
Intelimost,Email addresses
Intelimost,Passwords
InterConSecurity,Email addresses
InterConSecurity,Employers
InterConSecurity,Job titles
InterConSecurity,Names
InterConSecurity,Phone numbers
InterConSecurity,Physical addresses
IKO,Email addresses
IKO,Geographic locations
IKO,Names
IKO,Usernames
InternetArchive,Email addresses
InternetArchive,Passwords
InternetArchive,Usernames
Interpals,Dates of birth
Interpals,Email addresses
Interpals,Geographic locations
Interpals,Names
Interpals,Passwords
Interpals,Usernames
iPmart,Dates of birth
iPmart,Email addresses
iPmart,Passwords
iPmart,Usernames
ixigo,Auth tokens
ixigo,Device information
ixigo,Email addresses
ixigo,Genders
ixigo,Names
ixigo,Passwords
ixigo,Phone numbers
ixigo,Salutations
ixigo,Social media profiles
ixigo,Usernames
JamTangan,Email addresses
JamTangan,IP addresses
JamTangan,Names
JamTangan,Passwords
JamTangan,Phone numbers
JamTangan,Physical addresses
James,Email addresses
James,Geographic locations
James,Latitude and longitude pairs
James,Passwords
JCPenney,Dates of birth
JCPenney,Email addresses
JCPenney,Government issued IDs
JCPenney,Job titles
JCPenney,Names
JCPenney,Phone numbers
JCPenney,Physical addresses
JCPenney,Usernames
JD,Email addresses
JD,Passwords
JD,Phone numbers
JD,Usernames
JDGroup,Email addresses
JDGroup,Government issued IDs
JDGroup,Names
JDGroup,Phone numbers
JDGroup,Physical addresses
Jefit,Email addresses
Jefit,IP addresses
Jefit,Passwords
Jefit,Usernames
JobAndTalent,Email addresses
JobAndTalent,IP addresses
JobAndTalent,Names
JobAndTalent,Passwords
JobStreet,Dates of birth
JobStreet,Email addresses
JobStreet,Genders
JobStreet,Geographic locations
JobStreet,Government issued IDs
JobStreet,Marital statuses
JobStreet,Names
JobStreet,Nationalities
JobStreet,Passwords
JobStreet,Phone numbers
JobStreet,Physical addresses
JobStreet,Usernames
Jobzone,Dates of birth
Jobzone,Email addresses
Jobzone,Family members' names
Jobzone,Genders
Jobzone,Government issued IDs
Jobzone,Names
Jobzone,Phone numbers
Jobzone,Physical addresses
JoomlArt,Email addresses
JoomlArt,Names
JoomlArt,Passwords
JoomlArt,Payment histories
JoomlArt,Usernames
JoyGames,Email addresses
JoyGames,IP addresses
JoyGames,Passwords
JoyGames,Usernames
JukinMedia,Email addresses
JukinMedia,Employers
JukinMedia,IP addresses
JukinMedia,Names
JukinMedia,Occupations
JukinMedia,Passwords
JukinMedia,Phone numbers
June2026StealerLogs,Email addresses
June2026StealerLogs,Passwords
JustDate,Dates of birth
JustDate,Email addresses
JustDate,Geographic locations
JustDate,Names
Kaneva,Dates of birth
Kaneva,Email addresses
Kaneva,Passwords
Kaneva,Usernames
KasperskyClub,Email addresses
KasperskyClub,IP addresses
KasperskyClub,Passwords
KasperskyClub,Usernames
KayoMoe,Email addresses
KayoMoe,Passwords
Kemper,Email addresses
Kemper,Names
Kemper,Partial credit card data
Kemper,Phone numbers
Kemper,Physical addresses
Kemper,Purchases
Kickstarter,Email addresses
Kickstarter,Passwords
Kimsufi,Email addresses
Kimsufi,IP addresses
Kimsufi,Passwords
Kimsufi,Usernames
KinoKong,Email addresses
KinoKong,IP addresses
KinoKong,Names
KinoKong,Passwords
KinoKong,Usernames
KitchenPal,Dates of birth
KitchenPal,Email addresses
KitchenPal,Genders
KitchenPal,Geographic locations
KitchenPal,Names
KitchenPal,Passwords
KitchenPal,Physical attributes
KitchenPal,Social media profiles
KiwiFarms,Avatars
KiwiFarms,Dates of birth
KiwiFarms,Email addresses
KiwiFarms,IP addresses
KiwiFarms,Website activity
KMRU,Dates of birth
KMRU,Email addresses
KMRU,Genders
KMRU,Geographic locations
KMRU,Recovery email addresses
KMRU,Security questions and answers
KMRU,Usernames
KnownCircle,Email addresses
KnownCircle,Email messages
KnownCircle,Genders
KnownCircle,Names
KnownCircle,Passwords
KnownCircle,Phone numbers
KnownCircle,Physical addresses
Knuddels,Email addresses
Knuddels,Geographic locations
Knuddels,Names
Knuddels,Passwords
Knuddels,Usernames
KomikoAI,AI prompts
KomikoAI,Email addresses
KomikoAI,Forum posts
KomikoAI,Names
KomplettFritid,Email addresses
KomplettFritid,IP addresses
KomplettFritid,Names
KomplettFritid,Passwords
KomplettFritid,Phone numbers
KomplettFritid,Physical addresses
Kreditplus,Dates of birth
Kreditplus,Email addresses
Kreditplus,Employers
Kreditplus,Family structure
Kreditplus,Genders
Kreditplus,Income levels
Kreditplus,Living costs
Kreditplus,Marital statuses
Kreditplus,Mothers maiden names
Kreditplus,Names
Kreditplus,Phone numbers
Kreditplus,Physical addresses
Kreditplus,Places of birth
Kreditplus,Religions
Kreditplus,Spouses names
LaPosteMobile,Bank account numbers
LaPosteMobile,Dates of birth
LaPosteMobile,Email addresses
LaPosteMobile,Genders
LaPosteMobile,Names
LaPosteMobile,Phone numbers
LaPosteMobile,Physical addresses
Ladies,Bios
Ladies,Dates of birth
Ladies,Drinking habits
Ladies,Education levels
Ladies,Email addresses
Ladies,Family structure
Ladies,Genders
Ladies,Geographic locations
Ladies,Latitude and longitude pairs
Ladies,Photos
Ladies,Profile photos
Ladies,Relationship statuses
Ladies,Sexual orientations
Ladies,Smoking habits
Ladies,Tattoo status
Ladies,Usernames
LandAirSea,Email addresses
LandAirSea,Names
LandAirSea,Partial credit card data
LandAirSea,Passwords
LandAirSea,Physical addresses
LandAirSea,Usernames
Lanwar,Email addresses
Lanwar,Names
Lanwar,Passwords
Lanwar,Physical addresses
Lanwar,Usernames
Lastfm,Email addresses
Lastfm,Passwords
Lastfm,Usernames
Lastfm,Website activity
LatestPilotJobs,Email addresses
LatestPilotJobs,Names
LatestPilotJobs,Passwords
LatestPilotJobs,Usernames
Lazada,Email addresses
Lazada,Names
Lazada,Partial credit card data
Lazada,Passwords
Lazada,Phone numbers
Lazada,Physical addresses
LBB,Browser user agent details
LBB,Email addresses
LBB,IP addresses
LBB,Names
LBB,Physical addresses
LDLC,Email addresses
LDLC,Names
LDLC,Phone numbers
LDLC,Physical addresses
LDLC,Salutations
LeCoqSportif,Dates of birth
LeCoqSportif,Device information
LeCoqSportif,Email addresses
LeCoqSportif,Genders
LeCoqSportif,IP addresses
LeCoqSportif,Names
LeCoqSportif,Passwords
LeCoqSportif,Physical addresses
LeCoqSportif,Purchases
LeSlipFrancais,Email addresses
LeSlipFrancais,Names
LeSlipFrancais,Phone numbers
LeSlipFrancais,Physical addresses
LeadHunter,Email addresses
LeadHunter,Genders
LeadHunter,IP addresses
LeadHunter,Names
LeadHunter,Phone numbers
LeadHunter,Physical addresses
LeagueOfLegends,Email addresses
LeagueOfLegends,Passwords
LeagueOfLegends,Usernames
LeakedReality,Email addresses
LeakedReality,IP addresses
LeakedReality,Passwords
LeakedReality,Usernames
Ledger,Email addresses
Ledger,Names
Ledger,Phone numbers
Ledger,Physical addresses
Leet,Email addresses
Leet,IP addresses
Leet,Passwords
Leet,Usernames
Leet,Website activity
LegendasTV,Email addresses
LegendasTV,IP addresses
LegendasTV,Names
LegendasTV,Passwords
LegendasTV,Usernames
LegionProxy,Email addresses
LegionProxy,Names
LegionProxy,Passwords
LegionProxy,Purchases
Lexipol,Email addresses
Lexipol,Names
Lexipol,Passwords
Lexipol,Phone numbers
Lexipol,Usernames
Life360,Email addresses
Life360,Names
Life360,Phone numbers
Lifebear,Email addresses
Lifebear,Passwords
Lifebear,Usernames
Lifeboat,Email addresses
Lifeboat,Passwords
Lifeboat,Usernames
LightsHope,Dates of birth
LightsHope,Email addresses
LightsHope,Geographic locations
LightsHope,IP addresses
LightsHope,Passwords
LightsHope,Private messages
LightsHope,Usernames
Liker,Auth tokens
Liker,Dates of birth
Liker,Education levels
Liker,Email addresses
Liker,Geographic locations
Liker,IP addresses
Liker,Names
Liker,Passwords
Liker,Phone numbers
Liker,Private messages
Liker,Security questions and answers
Liker,Social media profiles
Liker,Usernames
LimeVPN,Email addresses
LimeVPN,IP addresses
LimeVPN,Names
LimeVPN,Passwords
LimeVPN,Phone numbers
LimeVPN,Physical addresses
LimeVPN,Purchases
LinkedIn,Email addresses
LinkedIn,Passwords
LinkedInScrape2023,Email addresses
LinkedInScrape2023,Genders
LinkedInScrape2023,Geographic locations
LinkedInScrape2023,Job titles
LinkedInScrape2023,Names
LinkedInScrape2023,Professional skills
LinkedInScrape2023,Social media profiles
LinkedInScrape,Education levels
LinkedInScrape,Email addresses
LinkedInScrape,Genders
LinkedInScrape,Geographic locations
LinkedInScrape,Job titles
LinkedInScrape,Names
LinkedInScrape,Social media profiles
LinuxForums,Email addresses
LinuxForums,IP addresses
LinuxForums,Passwords
LinuxForums,Usernames
LinuxMint,Avatars
LinuxMint,Dates of birth
LinuxMint,Email addresses
LinuxMint,Geographic locations
LinuxMint,IP addresses
LinuxMint,Passwords
LinuxMint,Time zones
LinuxMint,Website activity
LittleMonsters,Dates of birth
LittleMonsters,Email addresses
LittleMonsters,Passwords
LittleMonsters,Usernames
LiveAuctioneers,Email addresses
LiveAuctioneers,IP addresses
LiveAuctioneers,Names
LiveAuctioneers,Passwords
LiveAuctioneers,Phone numbers
LiveAuctioneers,Physical addresses
LiveAuctioneers,Usernames
LiveJournal,Email addresses
LiveJournal,Passwords
LiveJournal,Usernames
Livpure,Email addresses
Livpure,Names
Livpure,Phone numbers
Livpure,Physical addresses
Livpure,Purchases
Livpure,Salutations
LizardSquad,Email addresses
LizardSquad,Passwords
LizardSquad,Usernames
Locally,Email addresses
Locally,Partial credit card data
Locally,Passwords
Locally,Phone numbers
Locally,Physical addresses
Locally,Purchases
Lolzteam,Email addresses
Lolzteam,Usernames
Lookbook,Dates of birth
Lookbook,Email addresses
Lookbook,IP addresses
Lookbook,Names
Lookbook,Passwords
Lookbook,Usernames
Lookbook,Website activity
Lookiero,Email addresses
Lookiero,Names
Lookiero,Phone numbers
Lookiero,Physical addresses
LOTR,Dates of birth
LOTR,Email addresses
LOTR,IP addresses
LOTR,Passwords
LOTR,Usernames
LOTR,Website activity
LoungeBoard,Email addresses
LoungeBoard,IP addresses
LoungeBoard,Names
LoungeBoard,Passwords
LoungeBoard,Private messages
LoungeBoard,Usernames
LoungeBoard,Website activity
Lovora,Display names
Lovora,Email addresses
Lovora,Profile photos
LuLu,Email addresses
LuLu,Names
LuLu,Passwords
LuLu,Phone numbers
LuLu,Physical addresses
LuLu,Purchases
LuminPDF,Auth tokens
LuminPDF,Email addresses
LuminPDF,Genders
LuminPDF,Names
LuminPDF,Passwords
LuminPDF,Spoken languages
LuminPDF,Usernames
Luxottica,Dates of birth
Luxottica,Email addresses
Luxottica,Genders
Luxottica,Names
Luxottica,Phone numbers
Luxottica,Physical addresses
LyricsMania,Email addresses
LyricsMania,Passwords
LyricsMania,Usernames
MacForums,Dates of birth
MacForums,Email addresses
MacForums,IP addresses
MacForums,Passwords
MacForums,Usernames
MacGeneration,Email addresses
MacGeneration,Passwords
MacGeneration,Usernames
Mac-Torrents,Email addresses
Mac-Torrents,Passwords
Mac-Torrents,Usernames
MadisonSquareGardenSports,Customer service records
MadisonSquareGardenSports,Email addresses
MadisonSquareGardenSports,Names
MadisonSquareGardenSports,Phone numbers
MadisonSquareGardenSports,Physical addresses
MagicDuel,Email addresses
MagicDuel,IP addresses
MagicDuel,Nicknames
MagicDuel,Passwords
MailRu,Email addresses
MailRu,Passwords
MajorGeeks,Email addresses
MajorGeeks,IP addresses
MajorGeeks,Passwords
MajorGeeks,Usernames
MalindoAir,Dates of birth
MalindoAir,Email addresses
MalindoAir,Genders
MalindoAir,Loyalty program details
MalindoAir,Names
MalindoAir,Nationalities
MalindoAir,Passport numbers
MalindoAir,Phone numbers
MalindoAir,Physical addresses
MalindoAir,Salutations
MallCZ,Email addresses
MallCZ,Names
MallCZ,Passwords
MallCZ,Phone numbers
Malwarebytes,Dates of birth
Malwarebytes,Email addresses
Malwarebytes,IP addresses
Malwarebytes,Passwords
Malwarebytes,Usernames
Malwarebytes,Website activity
MangaTraders,Email addresses
MangaTraders,Passwords
MangaDex,Email addresses
MangaDex,IP addresses
MangaDex,Passwords
MangaDex,Usernames
MangaFox,Dates of birth
MangaFox,Email addresses
MangaFox,IP addresses
MangaFox,Passwords
MangaFox,Usernames
Mangatoon,Auth tokens
Mangatoon,Avatars
Mangatoon,Email addresses
Mangatoon,Genders
Mangatoon,Names
Mangatoon,Passwords
Mangatoon,Social media profiles
Mangatoon,Usernames
ManipulatedCaiman,Email addresses
Mappery,Email addresses
Mappery,Geographic locations
Mappery,Passwords
Mappery,Usernames
MarcusMillichap,Email addresses
MarcusMillichap,Employers
MarcusMillichap,Job titles
MarcusMillichap,Names
MarcusMillichap,Phone numbers
MarcusMillichap,Physical addresses
MaReads,Dates of birth
MaReads,Email addresses
MaReads,Phone numbers
MaReads,Usernames
MarketMoveis,Email addresses
MarketMoveis,Names
Mashable,Auth tokens
Mashable,Email addresses
Mashable,Genders
Mashable,Geographic locations
Mashable,IP addresses
Mashable,Names
Mashable,Partial dates of birth
Mashable,Social media profiles
MasterDeeds,Dates of birth
MasterDeeds,Deceased statuses
MasterDeeds,Email addresses
MasterDeeds,Employers
MasterDeeds,Ethnicities
MasterDeeds,Genders
MasterDeeds,Government issued IDs
MasterDeeds,Home ownership statuses
MasterDeeds,Job titles
MasterDeeds,Names
MasterDeeds,Nationalities
MasterDeeds,Phone numbers
MasterDeeds,Physical addresses
MastercardPricelessSpecials,Email addresses
MastercardPricelessSpecials,IP addresses
MastercardPricelessSpecials,Names
MastercardPricelessSpecials,Partial credit card data
MastercardPricelessSpecials,Phone numbers
MastercardPricelessSpecials,Salutations
Mate1,Astrological signs
Mate1,Dates of birth
Mate1,Drinking habits
Mate1,Drug habits
Mate1,Education levels
Mate1,Email addresses
Mate1,Ethnicities
Mate1,Fitness levels
Mate1,Genders
Mate1,Geographic locations
Mate1,Income levels
Mate1,Job titles
Mate1,Names
Mate1,Parenting plans
Mate1,Passwords
Mate1,Personal descriptions
Mate1,Physical attributes
Mate1,Political views
Mate1,Relationship statuses
Mate1,Religions
Mate1,Sexual fetishes
Mate1,Travel habits
Mate1,Usernames
Mate1,Website activity
Mate1,Work habits
Mathway,Device information
Mathway,Email addresses
Mathway,Names
Mathway,Passwords
Mathway,Social media profiles
MC2Data,Email addresses
MC2Data,Names
MC2Data,Passwords
MCBans,Email addresses
MCBans,IP addresses
MCBans,Passwords
MCBans,Usernames
MCBans,Website activity
McGrawHill,Email addresses
McGrawHill,Names
McGrawHill,Phone numbers
McGrawHill,Physical addresses
MDPI,Email addresses
MDPI,Email messages
MDPI,IP addresses
MDPI,Names
MechoDownload,Email addresses
MechoDownload,IP addresses
MechoDownload,Passwords
MechoDownload,Usernames
MediaWorks,Dates of birth
MediaWorks,Email addresses
MediaWorks,Genders
MediaWorks,Phone numbers
MediaWorks,Physical addresses
MeetMindful,Dates of birth
MeetMindful,Drinking habits
MeetMindful,Drug habits
MeetMindful,Email addresses
MeetMindful,Genders
MeetMindful,Geographic locations
MeetMindful,IP addresses
MeetMindful,Marital statuses
MeetMindful,Names
MeetMindful,Passwords
MeetMindful,Physical attributes
MeetMindful,Religions
MeetMindful,Sexual orientations
MeetMindful,Smoking habits
MeetMindful,Social media profiles
MeetMindful,Usernames
MemeChat,Email addresses
MemeChat,Usernames
MEO,Email addresses
MEO,Names
MEO,Passwords
MEO,Phone numbers
MEO,Physical addresses
MEO,Purchases
MEO,Usernames
MGM,Dates of birth
MGM,Email addresses
MGM,Names
MGM,Phone numbers
MGM,Physical addresses
MGM2022Update,Dates of birth
MGM2022Update,Email addresses
MGM2022Update,Names
MGM2022Update,Phone numbers
MGM2022Update,Physical addresses
Miljodata,Dates of birth
Miljodata,Email addresses
Miljodata,Genders
Miljodata,Government issued IDs
Miljodata,Names
Miljodata,Phone numbers
Miljodata,Physical addresses
MindJolt,Dates of birth
MindJolt,Email addresses
MindJolt,Names
MinecraftPocketEditionForum,Email addresses
MinecraftPocketEditionForum,IP addresses
MinecraftPocketEditionForum,Passwords
MinecraftPocketEditionForum,Usernames
MinecraftWorldMap,Email addresses
MinecraftWorldMap,IP addresses
MinecraftWorldMap,Passwords
MinecraftWorldMap,Usernames
Minefield,Dates of birth
Minefield,Email addresses
Minefield,IP addresses
Minefield,Passwords
Minefield,Usernames
Minefield,Website activity
Minehut,Email addresses
Minehut,Passwords
Minted,Email addresses
Minted,Names
Minted,Passwords
Minted,Phone numbers
Minted,Physical addresses
Flipkart,Email addresses
Flipkart,Geographic locations
Flipkart,Latitude and longitude pairs
Flipkart,Names
Flipkart,Phone numbers
Habibs,Dates of birth
Habibs,Email addresses
Habibs,IP addresses
Habibs,Names
Habibs,Phone numbers
Habibs,Social media profiles
MMGFusion,Appointments
MMGFusion,Dates of birth
MMGFusion,Email addresses
MMGFusion,Genders
MMGFusion,Marital statuses
MMGFusion,Names
MMGFusion,Passwords
MMGFusion,Phone numbers
MMGFusion,Physical addresses
MobiFriends,Dates of birth
MobiFriends,Email addresses
MobiFriends,Genders
MobiFriends,Passwords
MobiFriends,Usernames
MoDaCo,Email addresses
MoDaCo,IP addresses
MoDaCo,Passwords
MoDaCo,Usernames
ModernBusinessSolutions,Dates of birth
ModernBusinessSolutions,Email addresses
ModernBusinessSolutions,Genders
ModernBusinessSolutions,IP addresses
ModernBusinessSolutions,Job titles
ModernBusinessSolutions,Names
ModernBusinessSolutions,Phone numbers
ModernBusinessSolutions,Physical addresses
MoneyBookers,Dates of birth
MoneyBookers,Email addresses
MoneyBookers,IP addresses
MoneyBookers,Names
MoneyBookers,Phone numbers
MoneyBookers,Physical addresses
Moneycontrol,Email addresses
Moneycontrol,Genders
Moneycontrol,Geographic locations
Moneycontrol,Passwords
Moneycontrol,Phone numbers
MoodyBibleInstitute,Dates of birth
MoodyBibleInstitute,Email addresses
MoodyBibleInstitute,Genders
MoodyBibleInstitute,Marital statuses
MoodyBibleInstitute,Names
MoodyBibleInstitute,Phone numbers
MoodyBibleInstitute,Physical addresses
MoreleNet,Email addresses
MoreleNet,Names
MoreleNet,Passwords
MoreleNet,Phone numbers
MortalOnline,Email addresses
MortalOnline,Names
MortalOnline,Passwords
MortalOnline,Physical addresses
MortalOnline,Usernames
MovieForums,Dates of birth
MovieForums,Email addresses
MovieForums,IP addresses
MovieForums,Passwords
MovieForums,Usernames
MovieBoxPro,Email addresses
MovieBoxPro,Usernames
MPGH,Email addresses
MPGH,IP addresses
MPGH,Passwords
MPGH,Usernames
MrGreenGaming,Dates of birth
MrGreenGaming,Email addresses
MrGreenGaming,Geographic locations
MrGreenGaming,IP addresses
MrGreenGaming,Usernames
MrExcel,Dates of birth
MrExcel,Email addresses
MrExcel,IP addresses
MrExcel,Passwords
MrExcel,Social connections
MrExcel,Usernames
MrExcel,Website activity
MSI,Email addresses
MSI,Names
MSI,Phone numbers
MSI,Physical addresses
MSI,Warranty claims
mSpy,Device usage tracking data
mSpy2024,Email addresses
mSpy2024,IP addresses
mSpy2024,Names
mSpy2024,Photos
Muah,AI prompts
Muah,Email addresses
Muah,Sexual fetishes
MultiplayerIt,Email addresses
MultiplayerIt,Passwords
MuslimDirectory,Age groups
MuslimDirectory,Email addresses
MuslimDirectory,Employers
MuslimDirectory,Names
MuslimDirectory,Passwords
MuslimDirectory,Phone numbers
MuslimDirectory,Physical addresses
MuslimDirectory,Website activity
MuslimMatch,Chat logs
MuslimMatch,Email addresses
MuslimMatch,Geographic locations
MuslimMatch,IP addresses
MuslimMatch,Passwords
MuslimMatch,Private messages
MuslimMatch,User statuses
MuslimMatch,Usernames
MyLovelyAI,Email addresses
MyLovelyAI,Social media profiles
MyFHA,Credit status information
MyFHA,Email addresses
MyFHA,Income levels
MyFHA,IP addresses
MyFHA,Loan information
MyFHA,Names
MyFHA,Passwords
MyFHA,Personal descriptions
MyFHA,Physical addresses
MyFitnessPal,Email addresses
MyFitnessPal,IP addresses
MyFitnessPal,Passwords
MyFitnessPal,Usernames
MyHeritage,Email addresses
MyHeritage,Passwords
MyPertamina,Dates of birth
MyPertamina,Email addresses
MyPertamina,Genders
MyPertamina,Names
MyPertamina,Phone numbers
MyPertamina,Physical addresses
MyPertamina,Purchases
myRepoSpace,Email addresses
myRepoSpace,IP addresses
myRepoSpace,Passwords
myRepoSpace,Usernames
MySpace,Email addresses
MySpace,Passwords
MySpace,Usernames
Mytheresa,Email addresses
Mytheresa,Names
Mytheresa,Partial credit card data
Mytheresa,Phone numbers
Mytheresa,Physical addresses
Mytheresa,Purchases
Mytheresa,Salutations
MyVidster,Email addresses
MyVidster,Passwords
MyVidster,Usernames
MyVidster2025,Email addresses
MyVidster2025,Profile photos
MyVidster2025,Usernames
NamelessMalware,Email addresses
NapsGear,Dates of birth
NapsGear,Email addresses
NapsGear,Genders
NapsGear,Names
NapsGear,Passwords
NapsGear,Phone numbers
NapsGear,Physical addresses
NapsGear,Purchases
NationalPublicData,Dates of birth
NationalPublicData,Email addresses
NationalPublicData,Genders
NationalPublicData,Government issued IDs
NationalPublicData,Names
NationalPublicData,Phone numbers
NationalPublicData,Physical addresses
NaughtyAmerica,Dates of birth
NaughtyAmerica,Email addresses
NaughtyAmerica,IP addresses
NaughtyAmerica,Passwords
NaughtyAmerica,Usernames
NaughtyAmerica,Website activity
NazApi,Email addresses
NazApi,Passwords
NeimanMarcus,Dates of birth
NeimanMarcus,Email addresses
NeimanMarcus,IP addresses
NeimanMarcus,Names
NeimanMarcus,Partial credit card data
NeimanMarcus,Phone numbers
NeimanMarcus,Physical addresses
NeimanMarcus,Purchases
NemoWeb,Email addresses
NemoWeb,Names
Neopets,Dates of birth
Neopets,Email addresses
Neopets,Genders
Neopets,Geographic locations
Neopets,IP addresses
Neopets,Names
Neopets,Passwords
Neopets,Usernames
NetEase,Email addresses
NetEase,Passwords
Neteller,Account balances
Neteller,Dates of birth
Neteller,Email addresses
Neteller,Genders
Neteller,IP addresses
Neteller,Names
Neteller,Phone numbers
Neteller,Physical addresses
Neteller,Security questions and answers
Neteller,Website activity
NetGalley,Dates of birth
NetGalley,Email addresses
NetGalley,IP addresses
NetGalley,Names
NetGalley,Passwords
NetGalley,Phone numbers
NetGalley,Physical addresses
NetGalley,Usernames
Netlog,Email addresses
Netlog,Passwords
NetProspex,Email addresses
NetProspex,Employers
NetProspex,Job titles
NetProspex,Names
NetProspex,Phone numbers
NetProspex,Physical addresses
Netshoes,Dates of birth
Netshoes,Email addresses
Netshoes,Names
Netshoes,Purchases
NextGenUpdate,Email addresses
NextGenUpdate,IP addresses
NextGenUpdate,Passwords
NextGenUpdate,Usernames
NexusMods,Email addresses
NexusMods,Passwords
NexusMods,Usernames
Nihonomaru,Email addresses
Nihonomaru,IP addresses
Nihonomaru,Passwords
Nihonomaru,Usernames
Nitro,Email addresses
Nitro,Names
Nitro,Passwords
Nival,Avatars
Nival,Dates of birth
Nival,Email addresses
Nival,Genders
Nival,Names
Nival,Spoken languages
Nival,Usernames
Nival,Website activity
NonNudeGirls,Email addresses
NonNudeGirls,IP addresses
NonNudeGirls,Names
NonNudeGirls,Passwords
NonNudeGirls,Usernames
NonNudeGirls,Website activity
NotAcxiom,Email addresses
NotAcxiom,IP addresses
NotAcxiom,Names
NotAcxiom,Phone numbers
NotAcxiom,Physical addresses
NotSOCRadar,Email addresses
NulledCH,Email addresses
NulledCH,IP addresses
NulledCH,Passwords
NulledCH,Private messages
NulledCH,Usernames
Nulled,Dates of birth
Nulled,Email addresses
Nulled,IP addresses
Nulled,Passwords
Nulled,Private messages
Nulled,Usernames
Nulled,Website activity
NurseryCam,Email addresses
NVIDIA,Email addresses
NVIDIA,Passwords
Odido,Bank account numbers
Odido,Customer service records
Odido,Dates of birth
Odido,Driver's licenses
Odido,Email addresses
Odido,Genders
Odido,Government issued IDs
Odido,Names
Odido,Passport numbers
Odido,Phone numbers
Odido,Physical addresses
OGUsers,Email addresses
OGUsers,IP addresses
OGUsers,Passwords
OGUsers,Private messages
OGUsers,Usernames
OGUsers2020,Email addresses
OGUsers2020,IP addresses
OGUsers2020,Passwords
OGUsers2020,Private messages
OGUsers2020,Usernames
OGUsers2021,Email addresses
OGUsers2021,IP addresses
OGUsers2021,Passwords
OGUsers2021,Usernames
OGUsers2022,Email addresses
OGUsers2022,IP addresses
OGUsers2022,Passwords
OGUsers2022,Usernames
OMGPOP,Email addresses
OMGPOP,Passwords
Omnicuris,Email addresses
Omnicuris,Geographic locations
Omnicuris,Names
Omnicuris,Phone numbers
OnlineTrade,Dates of birth
OnlineTrade,Email addresses
OnlineTrade,IP addresses
OnlineTrade,Names
OnlineTrade,Passwords
OnlineTrade,Phone numbers
OnlinerSpambot,Email addresses
OnlinerSpambot,Passwords
OnRPG,Email addresses
OnRPG,IP addresses
OnRPG,Passwords
OnRPG,Usernames
Onverse,Email addresses
Onverse,IP addresses
Onverse,Passwords
Onverse,Usernames
OpenCSGO,Avatars
OpenCSGO,Email addresses
OpenCSGO,IP addresses
OpenCSGO,Phone numbers
OpenCSGO,Physical addresses
OpenCSGO,Purchases
OpenCSGO,Social media profiles
OpenCSGO,Usernames
OpenSubtitles,Email addresses
OpenSubtitles,Geographic locations
OpenSubtitles,IP addresses
OpenSubtitles,Passwords
OpenSubtitles,Usernames
OperationEndgame,Email addresses
OperationEndgame,Passwords
OperationEndgame2,Email addresses
OperationEndgame2,Passwords
OperationEndgame3,Email addresses
OperationEndgame3,Passwords
OperationEndgame4,Email addresses
OperationEndgame4,Passwords
OrangeRomania,Email addresses
OrangeRomania,Partial credit card data
OrangeRomania,Phone numbers
OrderSnapp,Dates of birth
OrderSnapp,Email addresses
OrderSnapp,Names
OrderSnapp,Passwords
OrderSnapp,Phone numbers
OrdineAvvocatiDiRoma,Email addresses
OrdineAvvocatiDiRoma,Email messages
OrdineAvvocatiDiRoma,Geographic locations
OrdineAvvocatiDiRoma,Passwords
OrdineAvvocatiDiRoma,Phone numbers
Otelier,Email addresses
Otelier,Names
Otelier,Partial credit card data
Otelier,Phone numbers
Otelier,Physical addresses
Otelier,Purchases
Otelier,Travel plans
OVH,Email addresses
OVH,IP addresses
OVH,Passwords
OVH,Usernames
OwnedCore,Email addresses
OwnedCore,IP addresses
OwnedCore,Passwords
OwnedCore,Usernames
Oxfam,Bank account numbers
Oxfam,Dates of birth
Oxfam,Email addresses
Oxfam,Genders
Oxfam,Names
Oxfam,Partial credit card data
Oxfam,Payment histories
Oxfam,Phone numbers
Oxfam,Physical addresses
PaddyPower,Account balances
PaddyPower,Dates of birth
PaddyPower,Email addresses
PaddyPower,IP addresses
PaddyPower,Names
PaddyPower,Phone numbers
PaddyPower,Physical addresses
PaddyPower,Security questions and answers
PaddyPower,Usernames
PaddyPower,Website activity
Paidwork,Bank account numbers
Paidwork,Dates of birth
Paidwork,Device information
Paidwork,Education levels
Paidwork,Email addresses
Paidwork,Financial transactions
Paidwork,Genders
Paidwork,IP addresses
Paidwork,Names
Paidwork,Passwords
Paidwork,Personal interests
Paidwork,Phone numbers
Paidwork,Physical addresses
Paidwork,Profile photos
Pampling,Email addresses
Pampling,Names
Pampling,Passwords
Pampling,Usernames
Pandabuy,Email addresses
Pandabuy,IP addresses
Pandabuy,Names
Pandabuy,Phone numbers
Pandabuy,Physical addresses
PaneraBread,Email addresses
PaneraBread,Names
PaneraBread,Phone numbers
PaneraBread,Physical addresses
ParagonCheats,Browser user agent details
ParagonCheats,Email addresses
ParagonCheats,IP addresses
ParagonCheats,Usernames
ParkMobile,Email addresses
ParkMobile,Licence plates
ParkMobile,Names
ParkMobile,Passwords
ParkMobile,Phone numbers
PassSport,Email addresses
PassSport,Genders
PassSport,Names
PassSport,Phone numbers
PassSport,Physical addresses
Patreon,Email addresses
Patreon,Passwords
Patreon,Payment histories
Patreon,Physical addresses
Patreon,Private messages
Patreon,Website activity
PayAsUGym,Browser user agent details
PayAsUGym,Email addresses
PayAsUGym,IP addresses
PayAsUGym,Names
PayAsUGym,Partial credit card data
PayAsUGym,Passwords
PayAsUGym,Phone numbers
PayAsUGym,Website activity
PayHere,Email addresses
PayHere,IP addresses
PayHere,Names
PayHere,Partial credit card data
PayHere,Phone numbers
PayHere,Physical addresses
PayHere,Purchases
PaySystemTech,Credit cards
PaySystemTech,Email addresses
PaySystemTech,Purchases
Paytm,Dates of birth
Paytm,Email addresses
Paytm,Genders
Paytm,Geographic locations
Paytm,Income levels
Paytm,Names
Paytm,Phone numbers
Paytm,Purchases
pcTattletale,Device information
pcTattletale,Email addresses
pcTattletale,IP addresses
pcTattletale,Names
pcTattletale,Passwords
pcTattletale,Phone numbers
pcTattletale,Physical addresses
pcTattletale,SMS messages
pcTattletale,Usernames
Peatix,Email addresses
Peatix,Names
Peatix,Passwords
Pemiblanc,Email addresses
Pemiblanc,Passwords
PeoplesEnergy,Dates of birth
PeoplesEnergy,Email addresses
PeoplesEnergy,Names
PeoplesEnergy,Passwords
PeoplesEnergy,Phone numbers
PeoplesEnergy,Physical addresses
PetFlow,Email addresses
PetFlow,Passwords
CERTPolandPhish,Email addresses
CERTPolandPhish,Passwords
Phoenix,Email addresses
Phoenix,IP addresses
Phoenix,Passwords
Phoenix,Usernames
PhoneHouse,Dates of birth
PhoneHouse,Email addresses
PhoneHouse,Genders
PhoneHouse,Names
PhoneHouse,Nationalities
PhoneHouse,Phone numbers
PhoneHouse,Physical addresses
PHPFreaks,Dates of birth
PHPFreaks,Email addresses
PHPFreaks,IP addresses
PHPFreaks,Passwords
PHPFreaks,Usernames
PHPFreaks,Website activity
ThePi-Hole,Email addresses
ThePi-Hole,Names
PipingRock,Email addresses
PipingRock,Names
PipingRock,Phone numbers
PipingRock,Physical addresses
PitneyBowes,Email addresses
PitneyBowes,Job titles
PitneyBowes,Names
PitneyBowes,Phone numbers
PitneyBowes,Physical addresses
PixelFederation,Email addresses
PixelFederation,Passwords
Pixlr,Email addresses
Pixlr,Geographic locations
Pixlr,Names
Pixlr,Passwords
Pixlr,Social media profiles
piZap,Email addresses
piZap,Genders
piZap,Geographic locations
piZap,Names
piZap,Passwords
piZap,Social media profiles
piZap,Usernames
piZap,Website activity
PlanetCalypso,Email addresses
PlanetCalypso,IP addresses
PlanetCalypso,Passwords
PlanetCalypso,Usernames
PlanetIce,Dates of birth
PlanetIce,Email addresses
PlanetIce,Genders
PlanetIce,IP addresses
PlanetIce,Names
PlanetIce,Passwords
PlanetIce,Phone numbers
PlanetIce,Physical addresses
PlanetIce,Purchases
Playbook,Email addresses
Playbook,Job titles
Playbook,Names
Playbook,Passwords
Playbook,Phone numbers
Playbook,Social media profiles
PlayCyberGames,Email addresses
PlayCyberGames,Passwords
PlayCyberGames,Usernames
Plex,Email addresses
Plex,IP addresses
Plex,Passwords
Plex,Usernames
PlutoTV,Dates of birth
PlutoTV,Device information
PlutoTV,Email addresses
PlutoTV,Genders
PlutoTV,IP addresses
PlutoTV,Names
PlutoTV,Passwords
PlutoTV,Social media profiles
PlutoTV,Usernames
PoinCampus,Dates of birth
PoinCampus,Email addresses
PoinCampus,Names
PoinCampus,Phone numbers
Pokebip,Email addresses
Pokebip,IP addresses
Pokebip,Passwords
Pokebip,Time zones
Pokebip,Usernames
Pokebip,Website activity
PokemonCreed,Email addresses
PokemonCreed,Genders
PokemonCreed,IP addresses
PokemonCreed,Passwords
PokemonCreed,Usernames
PokemonCreed,Website activity
PokemonNegro,Email addresses
PokemonNegro,IP addresses
PokemonNegro,Passwords
PoliceOne,Email addresses
PoliceOne,IP addresses
PoliceOne,Passwords
PoliceOne,Usernames
PolishCredentials,Email addresses
PolishCredentials,Passwords
Poshmark,Email addresses
Poshmark,Genders
Poshmark,Geographic locations
Poshmark,Names
Poshmark,Passwords
Poshmark,Usernames
Powerbot,Email addresses
Powerbot,IP addresses
Powerbot,Passwords
Powerbot,Usernames
PPCGeeks,Dates of birth
PPCGeeks,Email addresses
PPCGeeks,IP addresses
PPCGeeks,Passwords
PPCGeeks,Usernames
PreenMe,Email addresses
PreenMe,Names
PreenMe,Social media profiles
PreenMe,Usernames
ProctorU,Email addresses
ProctorU,Names
ProctorU,Passwords
ProctorU,Phone numbers
ProctorU,Physical addresses
ProctorU,Usernames
ProgrammingForums,Email addresses
ProgrammingForums,IP addresses
ProgrammingForums,Passwords
ProgrammingForums,Usernames
Promo,Email addresses
Promo,Genders
Promo,IP addresses
Promo,Names
Promo,Passwords
Promofarma,Email addresses
Promofarma,Names
PropTiger,Dates of birth
PropTiger,Device information
PropTiger,Email addresses
PropTiger,Genders
PropTiger,IP addresses
PropTiger,Names
PropTiger,Passwords
Prosper,Browser user agent details
Prosper,Credit status information
Prosper,Dates of birth
Prosper,Email addresses
Prosper,Employment statuses
Prosper,Government issued IDs
Prosper,Income levels
Prosper,IP addresses
Prosper,Names
Prosper,Physical addresses
Protemps,Email addresses
Protemps,Genders
Protemps,Job applications
Protemps,Marital statuses
Protemps,Names
Protemps,Nationalities
Protemps,Passport numbers
Protemps,Passwords
Protemps,Phone numbers
Protemps,Physical addresses
Protemps,Religions
Protemps,Salutations
Provecho,Email addresses
Provecho,Usernames
PS3Hax,Email addresses
PS3Hax,IP addresses
PS3Hax,Passwords
PS3Hax,Usernames
PSPISO,Email addresses
PSPISO,IP addresses
PSPISO,Passwords
PSPISO,Usernames
PSX-Scene,Email addresses
PSX-Scene,IP addresses
PSX-Scene,Passwords
PSX-Scene,Usernames
BVD,Dates of birth
BVD,Email addresses
BVD,Job titles
BVD,Names
BVD,Phone numbers
BVD,Physical addresses
Qakbot,Email addresses
Qakbot,Passwords
QatarNationalBank,Bank account numbers
QatarNationalBank,Customer feedback
QatarNationalBank,Dates of birth
QatarNationalBank,Financial transactions
QatarNationalBank,Genders
QatarNationalBank,Geographic locations
QatarNationalBank,Government issued IDs
QatarNationalBank,IP addresses
QatarNationalBank,Marital statuses
QatarNationalBank,Names
QatarNationalBank,Passwords
QatarNationalBank,Phone numbers
QatarNationalBank,Physical addresses
QatarNationalBank,PINs
QatarNationalBank,Security questions and answers
QatarNationalBank,Spoken languages
QIP,Email addresses
QIP,Passwords
QIP,Usernames
QIP,Website activity
Qraved,Dates of birth
Qraved,Email addresses
Qraved,Names
Qraved,Passwords
Qraved,Phone numbers
QuantumBooter,Email addresses
QuantumBooter,IP addresses
QuantumBooter,Passwords
QuantumBooter,Private messages
QuantumBooter,Usernames
QuantumBooter,Website activity
QuestionPro,Browser user agent details
QuestionPro,Email addresses
QuestionPro,IP addresses
QuestionPro,Survey results
Quidd,Email addresses
Quidd,Passwords
Quidd,Usernames
QuinStreet,Dates of birth
QuinStreet,Email addresses
QuinStreet,IP addresses
QuinStreet,Passwords
QuinStreet,Usernames
QuinStreet,Website activity
Quitbro,Email addresses
Quitbro,Partial dates of birth
Quitbro,Usernames
R2-2017,Email addresses
R2-2017,Passwords
R2-2017,Usernames
R2-2017,Website activity
R2Games,Email addresses
R2Games,IP addresses
R2Games,Passwords
R2Games,Usernames
Raaga,Ages
Raaga,Dates of birth
Raaga,Email addresses
Raaga,Genders
Raaga,Geographic locations
Raaga,Names
Raaga,Passwords
RaidForums,Dates of birth
RaidForums,Email addresses
RaidForums,IP addresses
RaidForums,Passwords
RaidForums,Usernames
RailYatri,Email addresses
RailYatri,Genders
RailYatri,Names
RailYatri,Phone numbers
RailYatri,Purchases
RalphLauren,Age groups
RalphLauren,Email addresses
RalphLauren,Genders
RalphLauren,Names
RalphLauren,Phone numbers
Rambler,Email addresses
Rambler,Passwords
Rambler,Usernames
Rankwatch,Email addresses
Rankwatch,Employers
Rankwatch,Job titles
Rankwatch,Names
Rankwatch,Phone numbers
Raychat,Browser user agent details
Raychat,Email addresses
Raychat,IP addresses
Raychat,Names
Raychat,Passwords
RbxRocks,Email addresses
RbxRocks,Names
RbxRocks,Passwords
ReadNovel,Email addresses
ReadNovel,Genders
ReadNovel,Passwords
ReadNovel,Phone numbers
ReadNovel,Usernames
RealEstateMogul,Email addresses
RealEstateMogul,Names
RealEstateMogul,Phone numbers
RealEstateMogul,Physical addresses
RealDudesInc,Email addresses
RealDudesInc,Passwords
RealDudesInc,Usernames
RebornGaming,Email addresses
RebornGaming,IP addresses
RedDoorz,Dates of birth
RedDoorz,Email addresses
RedDoorz,Genders
RedDoorz,Names
RedDoorz,Occupations
RedDoorz,Passwords
RedDoorz,Phone numbers
RedLineStealer,Email addresses
RedLineStealer,Passwords
RedLineStealer,Usernames
BlueSnapRegpack,Browser user agent details
BlueSnapRegpack,Credit card CVV
BlueSnapRegpack,Email addresses
BlueSnapRegpack,IP addresses
BlueSnapRegpack,Names
BlueSnapRegpack,Partial credit card data
BlueSnapRegpack,Phone numbers
BlueSnapRegpack,Physical addresses
BlueSnapRegpack,Purchases
Reincubate,Email addresses
Reincubate,Names
Reincubate,Passwords
RentoMojo,Dates of birth
RentoMojo,Email addresses
RentoMojo,Genders
RentoMojo,Government issued IDs
RentoMojo,Names
RentoMojo,Passport numbers
RentoMojo,Passwords
RentoMojo,Phone numbers
RentoMojo,Purchases
RentoMojo,Social media profiles
RepublicanPartyOfTexas,Browser user agent details
RepublicanPartyOfTexas,Email addresses
RepublicanPartyOfTexas,Geographic locations
RepublicanPartyOfTexas,IP addresses
RepublicanPartyOfTexas,Names
RetinaX,Email addresses
RetinaX,Passwords
Reverb-Nation,Email addresses
Reverb-Nation,Passwords
Rightbiz,Email addresses
Rightbiz,Names
Rightbiz,Phone numbers
Rightbiz,Physical addresses
RiverCityMedia,Email addresses
RiverCityMedia,IP addresses
RiverCityMedia,Names
RiverCityMedia,Physical addresses
Robinhood,Email addresses
RobinsonsMalls,Dates of birth
RobinsonsMalls,Email addresses
RobinsonsMalls,Genders
RobinsonsMalls,Geographic locations
RobinsonsMalls,Names
RobinsonsMalls,Phone numbers
Roblox,Account balances
Roblox,Email addresses
Roblox,IP addresses
Roblox,Purchases
Roblox,Usernames
RobloxDeveloperConference,Clothing sizes
RobloxDeveloperConference,Dates of birth
RobloxDeveloperConference,Email addresses
RobloxDeveloperConference,IP addresses
RobloxDeveloperConference,Names
RobloxDeveloperConference,Phone numbers
RobloxDeveloperConference,Physical addresses
RobloxDeveloperConference,Usernames
Roll20,Email addresses
Roll20,IP addresses
Roll20,Names
Roll20,Partial credit card data
Roll20,Passwords
Romwe,Geographic locations
Romwe,IP addresses
Romwe,Names
Romwe,Passwords
Romwe,Phone numbers
Romwe,Physical addresses
RosebuttBoard,Email addresses
RosebuttBoard,IP addresses
RosebuttBoard,Passwords
RosebuttBoard,Usernames
RoyalEnfield,Dates of birth
RoyalEnfield,Email addresses
RoyalEnfield,Genders
RoyalEnfield,Names
RoyalEnfield,Passwords
RoyalEnfield,Phone numbers
RoyalEnfield,Physical addresses
RoyalEnfield,Social media profiles
RoyalEnfield,Vehicle details
RSBoards,Email addresses
RSBoards,IP addresses
RSBoards,Passwords
RSBoards,Usernames
RussianAmerica,Email addresses
RussianAmerica,Names
RussianAmerica,Passwords
RussianAmerica,Phone numbers
SalvadoranCitizens,Dates of birth
SalvadoranCitizens,Email addresses
SalvadoranCitizens,Government issued IDs
SalvadoranCitizens,Names
SalvadoranCitizens,Phone numbers
SalvadoranCitizens,Physical addresses
SalvadoranCitizens,Profile photos
SamsungGermany,Email addresses
SamsungGermany,Names
SamsungGermany,Physical addresses
SamsungGermany,Purchases
SamsungGermany,Salutations
SamsungGermany,Shipment tracking numbers
SamsungGermany,Support tickets
SaverSpy,Email addresses
SaverSpy,Genders
SaverSpy,Names
SaverSpy,Physical addresses
SCDailyPhoneSpamList,Dates of birth
SCDailyPhoneSpamList,Email addresses
SCDailyPhoneSpamList,Genders
SCDailyPhoneSpamList,IP addresses
SCDailyPhoneSpamList,Names
SCDailyPhoneSpamList,Physical addresses
Scentbird,Dates of birth
Scentbird,Email addresses
Scentbird,Genders
Scentbird,Names
Scentbird,Password strengths
Scentbird,Passwords
schenkYOU,Dates of birth
schenkYOU,Email addresses
schenkYOU,Names
schenkYOU,Passwords
Scholastic,Email addresses
Scholastic,Names
Scholastic,Phone numbers
Scholastic,Physical addresses
SchoolDistrict42,Email addresses
SchoolDistrict42,Names
ScufGaming,Display names
ScufGaming,Email addresses
ScufGaming,IP addresses
ScufGaming,Passwords
ScufGaming,Usernames
Seedpeer,Email addresses
Seedpeer,Passwords
Seedpeer,Usernames
SeniorDating,Bios
SeniorDating,Dates of birth
SeniorDating,Drinking habits
SeniorDating,Education levels
SeniorDating,Email addresses
SeniorDating,Genders
SeniorDating,Geographic locations
SeniorDating,Latitude and longitude pairs
SeniorDating,Occupations
SeniorDating,Profile photos
SeniorDating,Relationship statuses
SeniorDating,Smoking habits
SeniorDating,Social media profiles
Sephora,Dates of birth
Sephora,Email addresses
Sephora,Ethnicities
Sephora,Genders
Sephora,Names
Sephora,Physical attributes
ServerPact,Dates of birth
ServerPact,Email addresses
ServerPact,IP addresses
ServerPact,Passwords
ServerPact,Usernames
SevenRooms,Email addresses
SevenRooms,Names
SevenRooms,Purchases
Shadi,Email addresses
Shadi,Passwords
Shadow,Dates of birth
Shadow,Email addresses
Shadow,Names
Shadow,Physical addresses
ShareThis,Dates of birth
ShareThis,Email addresses
ShareThis,Names
ShareThis,Passwords
SHEIN,Email addresses
SHEIN,Passwords
Shitexpress,Email addresses
Shitexpress,IP addresses
Shitexpress,Names
Shitexpress,Physical addresses
Shitexpress,Private messages
Shitexpress,Purchases
ShockGore,Email addresses
ShockGore,Genders
ShockGore,IP addresses
ShockGore,Passwords
ShockGore,Private messages
ShockGore,Usernames
ShoeZone,Email addresses
ShoeZone,Names
ShoeZone,Partial credit card data
ShoeZone,Physical addresses
ShoeZone,Purchases
ShopBack,Email addresses
ShopBack,Geographic locations
ShopBack,Names
ShopBack,Passwords
ShopBack,Phone numbers
ShopperPlus,Dates of birth
ShopperPlus,Email addresses
ShopperPlus,Genders
ShopperPlus,Names
ShopperPlus,Phone numbers
ShopperPlus,Physical addresses
ShopperPlus,Spoken languages
ShortEdition,Dates of birth
ShortEdition,Email addresses
ShortEdition,Genders
ShortEdition,Names
ShortEdition,Passwords
ShortEdition,Phone numbers
ShortEdition,Physical addresses
ShortEdition,Social media profiles
ShortEdition,Usernames
Shotbow,Email addresses
Shotbow,Passwords
Shotbow,Usernames
SirHurt,Email addresses
SirHurt,IP addresses
SirHurt,Passwords
SirHurt,Usernames
SitePoint,Bios
SitePoint,Email addresses
SitePoint,IP addresses
SitePoint,Names
SitePoint,Passwords
SitePoint,Usernames
SkTorrent,Email addresses
SkTorrent,Passwords
SkTorrent,Usernames
Slickwraps,Email addresses
Slickwraps,Names
Slickwraps,Phone numbers
Slickwraps,Physical addresses
Slickwraps,Purchases
SlideTeam,Email addresses
SlideTeam,Names
SlideTeam,Passwords
Smogon,Email addresses
Smogon,Genders
Smogon,Geographic locations
Smogon,Passwords
Smogon,Usernames
Smogon,Website activity
Snail,Email addresses
Snail,IP addresses
Snail,Passwords
Snail,Usernames
Snapchat,Geographic locations
Snapchat,Phone numbers
Snapchat,Usernames
SoarGames,Email addresses
SoarGames,IP addresses
SoarGames,Passwords
SoarGames,Usernames
SocialEngineered,Email addresses
SocialEngineered,IP addresses
SocialEngineered,Passwords
SocialEngineered,Private messages
SocialEngineered,Usernames
SIAE,Email addresses
SIAE,IP addresses
SIAE,Names
SIAE,Passwords
SIAE,Phone numbers
SongTrivia2,Auth tokens
SongTrivia2,Avatars
SongTrivia2,Email addresses
SongTrivia2,Names
SongTrivia2,Passwords
SongTrivia2,Usernames
Sonicbids,Email addresses
Sonicbids,Names
Sonicbids,Passwords
Sonicbids,Usernames
Sony,Dates of birth
Sony,Email addresses
Sony,Genders
Sony,Names
Sony,Passwords
Sony,Phone numbers
Sony,Physical addresses
Sony,Usernames
SoundRadix,Email addresses
SoundRadix,Names
SoundRadix,Passwords
SoundCloud,Avatars
SoundCloud,Email addresses
SoundCloud,Geographic locations
SoundCloud,Names
SoundCloud,Profile statistics
SoundCloud,Usernames
Soundwave,Dates of birth
Soundwave,Email addresses
Soundwave,Genders
Soundwave,Geographic locations
Soundwave,Names
Soundwave,Passwords
Soundwave,Social connections
SpecialKSpamList,Dates of birth
SpecialKSpamList,Email addresses
SpecialKSpamList,Genders
SpecialKSpamList,IP addresses
SpecialKSpamList,Names
SpecialKSpamList,Physical addresses
Speedio,Company names
Speedio,Email addresses
Speedio,Phone numbers
Speedio,Physical addresses
Sphero,Dates of birth
Sphero,Email addresses
Sphero,Geographic locations
Sphero,Names
Sphero,Usernames
Spirol,Email addresses
Spirol,Employers
Spirol,Job titles
Spirol,Names
Spirol,Phone numbers
Spirol,Physical addresses
SplitVPN,Device information
SplitVPN,Email addresses
SplitVPN,Geographic locations
SplitVPN,IP addresses
SplitVPN,Partial credit card data
Sport2000,Dates of birth
Sport2000,Email addresses
Sport2000,Names
Sport2000,Phone numbers
Sport2000,Physical addresses
Sport2000,Purchases
Sport2000,Salutations
Spoutible,Email addresses
Spoutible,Genders
Spoutible,IP addresses
Spoutible,Names
Spoutible,Passwords
Spoutible,Phone numbers
Spoutible,Usernames
SpyFone,Audio recordings
SpyFone,Browsing histories
SpyFone,Device information
SpyFone,Email addresses
SpyFone,Geographic locations
SpyFone,IMEI numbers
SpyFone,IP addresses
SpyFone,Names
SpyFone,Passwords
SpyFone,Photos
SpyFone,SMS messages
Spyic,Email addresses
Spytech,Browsing histories
Spytech,Device information
Spytech,Email addresses
Spytech,Names
Spytech,Passwords
Spytech,Purchases
Spytech,Usernames
SpyX,Device information
SpyX,Email addresses
SpyX,Geographic locations
SpyX,IP addresses
SpyX,Passwords
Spyzie,Email addresses
StalkerOnline,Email addresses
StalkerOnline,IP addresses
StalkerOnline,Passwords
StalkerOnline,Usernames
Staminus,Credit cards
Staminus,Email addresses
Staminus,IP addresses
Staminus,Passwords
Staminus,Support tickets
Staminus,Usernames
StarNet,Customer interactions
StarNet,Dates of birth
StarNet,Email addresses
StarNet,Genders
StarNet,IP addresses
StarNet,MAC addresses
StarNet,Names
StarNet,Passport numbers
StarNet,Passwords
StarNet,Phone numbers
Start,Email addresses
Start,Geographic locations
Start,Names
Start,Passwords
StarTribune,Dates of birth
StarTribune,Email addresses
StarTribune,Genders
StarTribune,Names
StarTribune,Passwords
StarTribune,Physical addresses
StarTribune,Usernames
TelegramStealerLogs,Email addresses
TelegramStealerLogs,Passwords
StealerLogsJan2025,Email addresses
StealerLogsJan2025,Passwords
SterKinekor,Dates of birth
SterKinekor,Email addresses
SterKinekor,Genders
SterKinekor,Names
SterKinekor,Passwords
SterKinekor,Phone numbers
SterKinekor,Physical addresses
SterKinekor,Spoken languages
StockX,Email addresses
StockX,Names
StockX,Passwords
StockX,Physical addresses
StockX,Purchases
StockX,Usernames
Storenvy,Dates of birth
Storenvy,Email addresses
Storenvy,Genders
Storenvy,Geographic locations
Storenvy,IP addresses
Storenvy,Passwords
Storenvy,Usernames
StoryBird,Email addresses
StoryBird,Names
StoryBird,Passwords
StoryBird,Usernames
Straffic,Email addresses
Straffic,Genders
Straffic,Names
Straffic,Phone numbers
Straffic,Physical addresses
Stratfor,Credit cards
Stratfor,Email addresses
Stratfor,Names
Stratfor,Passwords
Stratfor,Phone numbers
Stratfor,Physical addresses
Stratfor,Usernames
StreamCraft,Email addresses
StreamCraft,IP addresses
StreamCraft,Passwords
StreamCraft,Usernames
StreetEasy,Email addresses
StreetEasy,Names
StreetEasy,Passwords
StreetEasy,Usernames
Stripchat,Email addresses
Stripchat,IP addresses
Stripchat,Usernames
StrongholdKingdoms,Email addresses
StrongholdKingdoms,Passwords
StrongholdKingdoms,Usernames
SubaGames,Email addresses
SubaGames,Passwords
SubaGames,Usernames
Substack,Email addresses
Substack,Phone numbers
SUCCESS,Device information
SUCCESS,Email addresses
SUCCESS,IP addresses
SUCCESS,Names
SUCCESS,Passwords
SUCCESS,Phone numbers
SUCCESS,Physical addresses
SUCCESS,Purchases
SumoTorrent,Email addresses
SumoTorrent,IP addresses
SumoTorrent,Passwords
SumoTorrent,Usernames
SumoTorrent,Website activity
SundryFiles,Email addresses
SundryFiles,IP addresses
SundryFiles,Passwords
SundryFiles,Usernames
Suno,Email addresses
Suno,Names
Suno,Partial credit card data
Suno,Phone numbers
Suno,Physical addresses
Suno,Purchases
SuperDraft,Dates of birth
SuperDraft,Email addresses
SuperDraft,Geographic locations
SuperDraft,Latitude and longitude pairs
SuperDraft,Passwords
SuperDraft,Purchases
SuperDraft,Usernames
SuperVPNGeckoVPN,Device information
SuperVPNGeckoVPN,Device serial numbers
SuperVPNGeckoVPN,Email addresses
SuperVPNGeckoVPN,Geographic locations
SuperVPNGeckoVPN,IMSI numbers
SuperVPNGeckoVPN,Login histories
SurveyLama,Dates of birth
SurveyLama,Email addresses
SurveyLama,IP addresses
SurveyLama,Names
SurveyLama,Passwords
SurveyLama,Phone numbers
SurveyLama,Physical addresses
SvenskaMagic,Email addresses
SvenskaMagic,Passwords
SvenskaMagic,Usernames
SweClockers,Email addresses
SweClockers,Passwords
SweClockers,Usernames
Switch,Email addresses
Switch,Job applications
Switch,Names
Switch,Social media profiles
SwordFantasy,Email addresses
SwordFantasy,IP addresses
SwordFantasy,Passwords
SwordFantasy,Usernames
Swvl,Email addresses
Swvl,Names
Swvl,Partial credit card data
Swvl,Passwords
Swvl,Phone numbers
Swvl,Profile photos
SynthientCredentialStuffingThreatData,Email addresses
SynthientCredentialStuffingThreatData,Passwords
SynthientStealerLogThreatData,Email addresses
SynthientStealerLogThreatData,Passwords
Sysco,Customer feedback
Sysco,Email addresses
Sysco,Employers
Sysco,Job titles
Sysco,Names
Sysco,Phone numbers
Sysco,Physical addresses
Sysco,Usernames
T2,Dates of birth
T2,Email addresses
T2,Names
T2,Passwords
T2,Phone numbers
T2,Physical addresses
T2,Purchases
T2,Salutations
TaiLieu,Dates of birth
TaiLieu,Email addresses
TaiLieu,Genders
TaiLieu,Geographic locations
TaiLieu,Names
TaiLieu,Passwords
TaiLieu,Phone numbers
TaiLieu,Usernames
Tamodo,Dates of birth
Tamodo,Email addresses
Tamodo,Genders
Tamodo,Geographic locations
Tamodo,IP addresses
Tamodo,Names
Tamodo,Passwords
Tangerine,Dates of birth
Tangerine,Email addresses
Tangerine,Names
Tangerine,Passwords
Tangerine,Phone numbers
Tangerine,Physical addresses
Tangerine,Salutations
Taobao,Email addresses
Taobao,Passwords
TAPAirPortugal,Dates of birth
TAPAirPortugal,Email addresses
TAPAirPortugal,Genders
TAPAirPortugal,Names
TAPAirPortugal,Nationalities
TAPAirPortugal,Phone numbers
TAPAirPortugal,Physical addresses
TAPAirPortugal,Salutations
TAPAirPortugal,Spoken languages
Tappware,Dates of birth
Tappware,Email addresses
Tappware,Genders
Tappware,Government issued IDs
Tappware,Job titles
Tappware,Names
Tappware,Phone numbers
Tappware,Physical addresses
Tappware,Religions
Taringa,Email addresses
Taringa,Passwords
Taringa,Usernames
Solomid,Email addresses
Solomid,IP addresses
Solomid,Passwords
Solomid,Usernames
Technic,Chat logs
Technic,Email addresses
Technic,IP addresses
Technic,Passwords
Technic,Private messages
Technic,Time zones
Teespring,Email addresses
Teespring,Geographic locations
Teespring,Names
Teespring,Social media profiles
TehetsegKapu,Email addresses
TehetsegKapu,Names
TehetsegKapu,Usernames
TRAI,Email addresses
TRAI,Email messages
Teracod,Avatars
Teracod,Email addresses
Teracod,IP addresses
Teracod,Passwords
Teracod,Payment histories
Teracod,Private messages
Teracod,Usernames
Teracod,Website activity
Terravision,Dates of birth
Terravision,Email addresses
Terravision,Geographic locations
Terravision,Names
Terravision,Passwords
Terravision,Phone numbers
Tesco,Email addresses
Tesco,Passwords
Tesco,Reward program balances
TGBUS,Email addresses
TGBUS,Passwords
TGBUS,Usernames
TheBottingNetwork,Dates of birth
TheBottingNetwork,Email addresses
TheBottingNetwork,Passwords
TheBottingNetwork,Usernames
TheCandidBoard,Dates of birth
TheCandidBoard,Email addresses
TheCandidBoard,Geographic locations
TheCandidBoard,IP addresses
TheCandidBoard,Passwords
TheCandidBoard,Usernames
TheCandidBoard,Website activity
TheClubPenguinExperience,Age groups
TheClubPenguinExperience,Email addresses
TheClubPenguinExperience,Password hints
TheClubPenguinExperience,Passwords
TheClubPenguinExperience,Usernames
TheFappening,Email addresses
TheFappening,Passwords
TheFappening,Usernames
TheFlyOnTheWall,Age groups
TheFlyOnTheWall,Credit cards
TheFlyOnTheWall,Email addresses
TheFlyOnTheWall,Genders
TheFlyOnTheWall,Names
TheFlyOnTheWall,Passwords
TheFlyOnTheWall,Phone numbers
TheFlyOnTheWall,Physical addresses
TheFlyOnTheWall,Purchases
TheFlyOnTheWall,Usernames
HalloweenSpot,Email addresses
HalloweenSpot,IP addresses
HalloweenSpot,Names
HalloweenSpot,Phone numbers
HalloweenSpot,Physical addresses
HalloweenSpot,Purchases
TheHeritageFoundation,Email addresses
TheHeritageFoundation,IP addresses
TheHeritageFoundation,Names
TheHeritageFoundation,Passwords
TheHeritageFoundation,Usernames
KodiFoundation,Browser user agent details
KodiFoundation,Dates of birth
KodiFoundation,Email addresses
KodiFoundation,IP addresses
KodiFoundation,Passwords
KodiFoundation,Private messages
KodiFoundation,Usernames
ThePostMillennial,Email addresses
ThePostMillennial,Genders
ThePostMillennial,IP addresses
ThePostMillennial,Names
ThePostMillennial,Passwords
ThePostMillennial,Phone numbers
ThePostMillennial,Physical addresses
ThePostMillennial,Usernames
TheRealWorld,Chat logs
TheRealWorld,Email addresses
TheRealWorld,Usernames
TheGradCafe,Email addresses
TheGradCafe,Genders
TheGradCafe,Geographic locations
TheGradCafe,IP addresses
TheGradCafe,Names
TheGradCafe,Passwords
TheGradCafe,Phone numbers
TheGradCafe,Physical addresses
TheGradCafe,Usernames
Thermomix,Bios
Thermomix,Dates of birth
Thermomix,Email addresses
Thermomix,Names
Thermomix,Phone numbers
Thermomix,Physical addresses
Thermomix,Usernames
TheSquare,Email addresses
TheSquare,Geographic locations
TheSquare,Names
TheSquare,Phone numbers
TheTVDB,Email addresses
TheTVDB,Passwords
TheTVDB,Usernames
Thingiverse,Dates of birth
Thingiverse,Email addresses
Thingiverse,IP addresses
Thingiverse,Names
Thingiverse,Passwords
Thingiverse,Physical addresses
Thingiverse,Usernames
ThisHabboForum,Email addresses
ThisHabboForum,IP addresses
ThisHabboForum,Passwords
ThisHabboForum,Usernames
Tianya,Email addresses
Tianya,Names
Tianya,Usernames
Tibber,Email addresses
Tibber,Geographic locations
Tibber,Names
Tibber,Purchases
Ticketcounter,Bank account numbers
Ticketcounter,Dates of birth
Ticketcounter,Email addresses
Ticketcounter,Genders
Ticketcounter,IP addresses
Ticketcounter,Names
Ticketcounter,Payment histories
Ticketcounter,Phone numbers
Ticketcounter,Physical addresses
Ticketek,Dates of birth
Ticketek,Email addresses
Ticketek,Genders
Ticketek,Names
Ticketek,Passwords
Ticketek,Salutations
Ticketfly,Email addresses
Ticketfly,Names
Ticketfly,Phone numbers
Ticketfly,Physical addresses
Tigo,Device information
Tigo,Email addresses
Tigo,Genders
Tigo,Geographic locations
Tigo,IP addresses
Tigo,Names
Tigo,Private messages
Tigo,Profile photos
Tigo,Usernames
Tisza,Email addresses
Tisza,Names
Tisza,Phone numbers
Tisza,Physical addresses
Tisza,Usernames
TNAFlix,Email addresses
TNAFlix,IP addresses
TNAFlix,Passwords
TNAFlix,Usernames
Tokopedia,Dates of birth
Tokopedia,Email addresses
Tokopedia,Genders
Tokopedia,Names
Tokopedia,Passwords
ToonDoo,Email addresses
ToonDoo,Genders
ToonDoo,Geographic locations
ToonDoo,IP addresses
ToonDoo,Passwords
ToonDoo,Usernames
TorrentInvites,Dates of birth
TorrentInvites,Email addresses
TorrentInvites,IP addresses
TorrentInvites,Passwords
TorrentInvites,Usernames
TorrentInvites,Website activity
Toumei,Email addresses
Toumei,Names
Toumei,Phone numbers
Toumei,Physical addresses
Tout,Bios
Tout,Email addresses
Tout,Geographic locations
Tout,IP addresses
Tout,Names
Tout,Passwords
Tout,Usernames
ToyBattles,Chat logs
ToyBattles,Email addresses
ToyBattles,IP addresses
ToyBattles,Usernames
Tracki,Email addresses
Tracki,Names
Traderie,Email addresses
Traderie,IP addresses
Traderie,Social media profiles
Traderie,Usernames
TravelOK,Age groups
TravelOK,Dates of birth
TravelOK,Email addresses
TravelOK,Genders
TravelOK,Names
TravelOK,Physical addresses
Travelio,Auth tokens
Travelio,Dates of birth
Travelio,Email addresses
Travelio,Names
Travelio,Passwords
Travelio,Phone numbers
Travelio,Physical addresses
Trello,Email addresses
Trello,Names
Trello,Usernames
TrikSpamBotnet,Email addresses
Trillian,Dates of birth
Trillian,Email addresses
Trillian,IP addresses
Trillian,Names
Trillian,Passwords
Trillian,Usernames
TroyHuntMailchimpList,Email addresses
TroyHuntMailchimpList,Geographic locations
TroyHuntMailchimpList,IP addresses
TroyHuntMailchimpList,Latitude and longitude pairs
TruckersMP,Email addresses
TruckersMP,Passwords
TruckersMP,Usernames
TrueFire,Account balances
TrueFire,Dates of birth
TrueFire,Email addresses
TrueFire,Names
TrueFire,Passwords
TrueFire,Phone numbers
TrueFire,Physical addresses
TrueFire,Usernames
TruthFinder,Email addresses
TruthFinder,Names
TruthFinder,Passwords
TruthFinder,Phone numbers
Tumblr,Email addresses
Tumblr,Passwords
TunedGlobal,Email addresses
TunedGlobal,Names
TunedGlobal,Passwords
TunedGlobal,Phone numbers
TunedGlobal,Physical addresses
Tunngle,Email addresses
Tunngle,IP addresses
Tunngle,Passwords
Tunngle,Usernames
Twitter,Bios
Twitter,Email addresses
Twitter,Geographic locations
Twitter,Names
Twitter,Phone numbers
Twitter,Profile photos
Twitter,Usernames
Twitter200M,Email addresses
Twitter200M,Names
Twitter200M,Social media profiles
Twitter200M,Usernames
Ualabee,Dates of birth
Ualabee,Email addresses
Ualabee,Names
Ualabee,Phone numbers
Ualabee,Profile photos
Ubook,Dates of birth
Ubook,Email addresses
Ubook,Genders
Ubook,Names
Ubook,Profile photos
Udemy,Email addresses
Udemy,Employers
Udemy,Job titles
Udemy,Names
Udemy,Payment methods
Udemy,Phone numbers
Udemy,Physical addresses
Uiggy,Email addresses
Uiggy,Genders
Uiggy,Names
Uiggy,Social connections
Uiggy,Website activity
Ulmon,Bios
Ulmon,Email addresses
Ulmon,Names
Ulmon,Passwords
Ulmon,Phone numbers
Ulmon,Social media profiles
IGF,Email addresses
IGF,Names
IGF,Passwords
IGF,Usernames
UnderArmour,Dates of birth
UnderArmour,Email addresses
UnderArmour,Genders
UnderArmour,Geographic locations
UnderArmour,Names
UnderArmour,Purchases
UnderworldEmpire,Email addresses
UnderworldEmpire,IP addresses
UnderworldEmpire,Passwords
UnderworldEmpire,Usernames
UnicoCampania,Email addresses
UnicoCampania,Passwords
Unigame,Email addresses
Unigame,Passwords
Universarium,Email addresses
Universarium,Passwords
UC,Dates of birth
UC,Education levels
UC,Email addresses
UC,Ethnicities
UC,Genders
UC,Job titles
UC,Names
UC,Phone numbers
UC,Physical addresses
UC,Social security numbers
UniversityOfNottingham,Academic records
UniversityOfNottingham,Citizenship statuses
UniversityOfNottingham,Dates of birth
UniversityOfNottingham,Disabilities
UniversityOfNottingham,Email addresses
UniversityOfNottingham,Ethnicities
UniversityOfNottingham,Genders
UniversityOfNottingham,IP addresses
UniversityOfNottingham,Names
UniversityOfNottingham,Passport numbers
UniversityOfNottingham,Phone numbers
UniversityOfNottingham,Physical addresses
UniversityOfNottingham,Purchases
UniversityOfNottingham,Salutations
UniversityOfNottingham,Usernames
UniversityOfPennsylvania,Charitable donations
UniversityOfPennsylvania,Dates of birth
UniversityOfPennsylvania,Email addresses
UniversityOfPennsylvania,Genders
UniversityOfPennsylvania,Income levels
UniversityOfPennsylvania,Job titles
UniversityOfPennsylvania,Names
UniversityOfPennsylvania,Physical addresses
UniversityOfPennsylvania,Religions
UniversityOfPennsylvania,Salutations
UniversityOfPennsylvania,Spouses names
UnrealEngine,Email addresses
UnrealEngine,Passwords
UnrealEngine,Usernames
Astoria,Bank account numbers
Astoria,Credit status information
Astoria,Dates of birth
Astoria,Email addresses
Astoria,Employers
Astoria,Health insurance information
Astoria,Income levels
Astoria,IP addresses
Astoria,Names
Astoria,Personal health data
Astoria,Phone numbers
Astoria,Physical addresses
Astoria,Smoking habits
Astoria,Social security numbers
Upstox,Bank account numbers
Upstox,Dates of birth
Upstox,Email addresses
Upstox,Family members' names
Upstox,Genders
Upstox,Government issued IDs
Upstox,Income levels
Upstox,Marital statuses
Upstox,Nationalities
Upstox,Occupations
Upstox,Passwords
Upstox,Phone numbers
Upstox,Physical addresses
UtahGunExchange,Email addresses
UtahGunExchange,Genders
UtahGunExchange,IP addresses
UtahGunExchange,Passwords
UtahGunExchange,Usernames
Utair,Dates of birth
Utair,Email addresses
Utair,Genders
Utair,Loyalty program details
Utair,Names
Utair,Passport numbers
Utair,Phone numbers
Utair,Physical addresses
uTorrent,Email addresses
uTorrent,Passwords
uTorrent,Usernames
uuu9,Email addresses
uuu9,Passwords
uuu9,Usernames
Vakinha,Dates of birth
Vakinha,Email addresses
Vakinha,IP addresses
Vakinha,Names
Vakinha,Passwords
Vakinha,Phone numbers
Vastaamo,Email addresses
Vastaamo,Names
Vastaamo,Personal health data
Vastaamo,Social security numbers
VBulletin,Dates of birth
VBulletin,Email addresses
VBulletin,Homepage URLs
VBulletin,Instant messenger identities
VBulletin,IP addresses
VBulletin,Passwords
VBulletin,Security questions and answers
VBulletin,Spoken languages
VBulletin,Website activity
Vedantu,Browser user agent details
Vedantu,Email addresses
Vedantu,Genders
Vedantu,IP addresses
Vedantu,Names
Vedantu,Passwords
Vedantu,Phone numbers
Vedantu,Spoken languages
Vedantu,Time zones
Vedantu,Website activity
VerificationsIO,Dates of birth
VerificationsIO,Email addresses
VerificationsIO,Employers
VerificationsIO,Genders
VerificationsIO,Geographic locations
VerificationsIO,IP addresses
VerificationsIO,Job titles
VerificationsIO,Names
VerificationsIO,Phone numbers
VerificationsIO,Physical addresses
Verified,Email addresses
Verified,Historical passwords
Verified,IP addresses
Verified,Passwords
Verified,Private messages
Verified,Usernames
Verified,Website activity
Vermillion,Dates of birth
Vermillion,Email addresses
Vermillion,IP addresses
Vermillion,Passwords
Vermillion,Usernames
Vianet,Email addresses
Vianet,Names
Vianet,Phone numbers
Vianet,Physical addresses
VictoryPhones,Dates of birth
VictoryPhones,Email addresses
VictoryPhones,IP addresses
VictoryPhones,Names
VictoryPhones,Phone numbers
VictoryPhones,Physical addresses
VietnamAirlines,Dates of birth
VietnamAirlines,Email addresses
VietnamAirlines,Loyalty program details
VietnamAirlines,Names
VietnamAirlines,Phone numbers
ViewFines,Email addresses
ViewFines,Government issued IDs
ViewFines,Names
ViewFines,Passwords
ViewFines,Phone numbers
Vimeo,Email addresses
Vimeo,Names
VimeWorld,Email addresses
VimeWorld,IP addresses
VimeWorld,Passwords
VimeWorld,Usernames
VivaAir,Email addresses
VivaAir,IP addresses
VivaAir,Names
VivaAir,Partial credit card data
VivaAir,Phone numbers
VivaAir,Physical addresses
VivaAir,Purchases
VK,Email addresses
VK,Names
VK,Passwords
VK,Phone numbers
VNG,Dates of birth
VNG,Email addresses
VNG,Genders
VNG,IP addresses
VNG,Marital statuses
VNG,Names
VNG,Occupations
VNG,Passwords
VNG,Phone numbers
VNG,Physical addresses
VNG,Usernames
Vodafone,Credit cards
Vodafone,Email addresses
Vodafone,Government issued IDs
Vodafone,IP addresses
Vodafone,Names
Vodafone,Passwords
Vodafone,Phone numbers
Vodafone,Physical addresses
Vodafone,Purchases
Vodafone,SMS messages
Vodafone,Usernames
VoidTO,Email addresses
VoidTO,IP addresses
VoidTO,Passwords
VoidTO,Private messages
VoidTO,Usernames
VTech,Dates of birth
VTech,Email addresses
VTech,Family members' names
VTech,Genders
VTech,IP addresses
VTech,Names
VTech,Passwords
VTech,Physical addresses
VTech,Security questions and answers
VTech,Usernames
VTech,Website activity
VTightGel,Email addresses
VTightGel,IP addresses
VTightGel,Names
VTightGel,Phone numbers
VTightGel,Physical addresses
Vultr,Email addresses
Vultr,Geographic locations
Vultr,IP addresses
Vultr,Names
Wakanim,Browser user agent details
Wakanim,Email addresses
Wakanim,IP addresses
Wakanim,Names
Wakanim,Physical addresses
Wakanim,Usernames
Wanelo,Email addresses
Wanelo,IP addresses
Wanelo,Names
Wanelo,Passwords
Wanelo,Physical addresses
WarInc,Email addresses
WarInc,Passwords
WarInc,Usernames
WarInc,Website activity
Warframe,Email addresses
Warframe,Usernames
Warframe,Website activity
Warmane,Dates of birth
Warmane,Email addresses
Warmane,Passwords
Warmane,Usernames
WashingtonStateFoodWorkerCard,Dates of birth
WashingtonStateFoodWorkerCard,Driver's licenses
WashingtonStateFoodWorkerCard,Email addresses
WashingtonStateFoodWorkerCard,Geographic locations
WashingtonStateFoodWorkerCard,Names
Wattpad,Bios
Wattpad,Dates of birth
Wattpad,Email addresses
Wattpad,Genders
Wattpad,Geographic locations
Wattpad,IP addresses
Wattpad,Names
Wattpad,Passwords
Wattpad,Social media profiles
Wattpad,User website URLs
Wattpad,Usernames
WeHeartIt,Email addresses
WeHeartIt,Passwords
WeHeartIt,Usernames
WebHostingTalk,Email addresses
WebHostingTalk,IP addresses
WebHostingTalk,Passwords
WebHostingTalk,Usernames
WedMeGood,Email addresses
WedMeGood,Genders
WedMeGood,Names
WedMeGood,Passwords
WedMeGood,Phone numbers
WedMeGood,Physical addresses
Weee,Delivery instructions
Weee,Email addresses
Weee,Names
Weee,Phone numbers
Weee,Purchases
WeLeakInfo,Browser user agent details
WeLeakInfo,Email addresses
WeLeakInfo,Employers
WeLeakInfo,IP addresses
WeLeakInfo,Names
WeLeakInfo,Partial credit card data
WeLeakInfo,Physical addresses
WeLeakInfo,Purchases
Welhof,Email addresses
Welhof,Names
Welhof,Physical addresses
Welhof,Purchases
Wendys,Education levels
Wendys,Email addresses
Wendys,IP addresses
Wendys,Job applications
Wendys,Names
Wendys,Passwords
Wendys,Phone numbers
Wendys,Physical addresses
WhiteDate,Ages
WhiteDate,Astrological signs
WhiteDate,Bios
WhiteDate,Device information
WhiteDate,Education levels
WhiteDate,Email addresses
WhiteDate,Family structure
WhiteDate,Forum posts
WhiteDate,Genders
WhiteDate,Geographic locations
WhiteDate,Income levels
WhiteDate,IP addresses
WhiteDate,IQ levels
WhiteDate,Nicknames
WhiteDate,Passwords
WhiteDate,Physical attributes
WhiteDate,Private messages
WhiteDate,Profile photos
WhiteDate,Races
WhiteDate,Relationship statuses
WhiteDate,Sexual orientations
WhiteDate,Usernames
Whitepages,Email addresses
Whitepages,Names
Whitepages,Passwords
WHMCS,Email addresses
WHMCS,Email messages
WHMCS,Employers
WHMCS,IP addresses
WHMCS,Names
WHMCS,Partial credit card data
WHMCS,Passwords
WHMCS,Payment histories
WHMCS,Physical addresses
WHMCS,Website activity
WienerBuchereien,Dates of birth
WienerBuchereien,Email addresses
WienerBuchereien,Names
WienerBuchereien,Phone numbers
WienerBuchereien,Physical addresses
WifeLovers,Email addresses
WifeLovers,IP addresses
WifeLovers,Names
WifeLovers,Passwords
WifeLovers,Usernames
WIIUISO,Email addresses
WIIUISO,IP addresses
WIIUISO,Passwords
WIIUISO,Usernames
WildStar,Dates of birth
WildStar,Email addresses
WildStar,IP addresses
WildStar,Passwords
WildStar,Usernames
Win7Vista,Email addresses
Win7Vista,Instant messenger identities
Win7Vista,IP addresses
Win7Vista,Names
Win7Vista,Passwords
Win7Vista,Private messages
Win7Vista,Usernames
Win7Vista,Website activity
Windows93,Email addresses
Windows93,IP addresses
Windows93,Passwords
Windows93,Usernames
WIRED,Dates of birth
WIRED,Display names
WIRED,Email addresses
WIRED,Genders
WIRED,Geographic locations
WIRED,Names
WIRED,Phone numbers
WIRED,Physical addresses
WiredBucks,Earnings
WiredBucks,Email addresses
WiredBucks,IP addresses
WiredBucks,Names
WiredBucks,Passwords
WiredBucks,Physical addresses
WiredBucks,Usernames
Wishbone,Auth tokens
Wishbone,Dates of birth
Wishbone,Email addresses
Wishbone,Genders
Wishbone,Names
Wishbone,Phone numbers
Wishbone,Usernames
Wishbone2020,Auth tokens
Wishbone2020,Dates of birth
Wishbone2020,Email addresses
Wishbone2020,Genders
Wishbone2020,Geographic locations
Wishbone2020,IP addresses
Wishbone2020,Names
Wishbone2020,Passwords
Wishbone2020,Phone numbers
Wishbone2020,Profile photos
Wishbone2020,Social media profiles
Wishbone2020,Usernames
WiziShop,Dates of birth
WiziShop,Email addresses
WiziShop,IP addresses
WiziShop,Names
WiziShop,Passwords
WiziShop,Phone numbers
WiziShop,Physical addresses
Woflow,Email addresses
Woflow,Names
Woflow,Phone numbers
Woflow,Physical addresses
Wongnai,Dates of birth
Wongnai,Email addresses
Wongnai,Geographic locations
Wongnai,IP addresses
Wongnai,Names
Wongnai,Passwords
Wongnai,Phone numbers
Wongnai,Social media profiles
WoTLabs,Dates of birth
WoTLabs,Email addresses
WoTLabs,IP addresses
WoTLabs,Time zones
WoTLabs,Usernames
WPSandbox,Email addresses
WPSandbox,Passwords
WPT,Email addresses
WPT,Passwords
xat,Email addresses
xat,IP addresses
xat,Passwords
xat,Usernames
xat,Website activity
Xbox360ISO,Email addresses
Xbox360ISO,IP addresses
Xbox360ISO,Passwords
Xbox360ISO,Usernames
Xbox-Scene,Email addresses
Xbox-Scene,IP addresses
Xbox-Scene,Passwords
Xbox-Scene,Usernames
xHamster,Email addresses
xHamster,Passwords
xHamster,Usernames
Xiaomi,Email addresses
Xiaomi,IP addresses
Xiaomi,Passwords
Xiaomi,Usernames
XKCD,Email addresses
XKCD,IP addresses
XKCD,Passwords
XKCD,Usernames
XPGameSaves,Email addresses
XPGameSaves,IP addresses
XPGameSaves,Passwords
XPGameSaves,Usernames
XSplit,Email addresses
XSplit,Names
XSplit,Passwords
XSplit,Usernames
Yahoo,Email addresses
Yahoo,Passwords
Yam,Dates of birth
Yam,Email addresses
Yam,Names
Yam,Passwords
Yam,Phone numbers
Yam,Physical addresses
Yam,Usernames
Yandex,Email addresses
Yandex,Passwords
Yatra,Dates of birth
Yatra,Email addresses
Yatra,Names
Yatra,Passwords
Yatra,Phone numbers
Yatra,Physical addresses
Yatra,PINs
Yonema,Dates of birth
Yonema,Device information
Yonema,Email addresses
Yonema,IP addresses
Yonema,Names
Yonema,Passwords
Yonema,Phone numbers
YoteprestoCom,Email addresses
YoteprestoCom,IP addresses
YoteprestoCom,Passwords
YoteprestoCom,Usernames
Youku,Email addresses
Youku,Passwords
YoungLivingEssentialOils,Dates of birth
YoungLivingEssentialOils,Email addresses
YoungLivingEssentialOils,Geographic locations
YoungLivingEssentialOils,Names
YouNow,Email addresses
YouNow,IP addresses
YouNow,Names
YouNow,Social media profiles
YouNow,Usernames
YouPorn,Email addresses
YouPorn,Passwords
Youthmanual,Bios
Youthmanual,Dates of birth
Youthmanual,Email addresses
Youthmanual,Genders
Youthmanual,Names
Youthmanual,Passwords
Youthmanual,Phone numbers
Youthmanual,Physical addresses
Youthmanual,Places of birth
YouveBeenScraped,Email addresses
YouveBeenScraped,Employers
YouveBeenScraped,Geographic locations
YouveBeenScraped,Job titles
YouveBeenScraped,Names
YouveBeenScraped,Social media profiles
Zacks,Email addresses
Zacks,Names
Zacks,Passwords
Zacks,Phone numbers
Zacks,Physical addresses
Zacks,Usernames
Zacks2024,Email addresses
Zacks2024,IP addresses
Zacks2024,Names
Zacks2024,Passwords
Zacks2024,Phone numbers
Zacks2024,Physical addresses
Zacks2024,Usernames
ZadigVoltaire,Email addresses
ZadigVoltaire,Genders
ZadigVoltaire,Names
ZadigVoltaire,Phone numbers
ZadigVoltaire,Physical addresses
ZAPHosting,Browser user agent details
ZAPHosting,Chat logs
ZAPHosting,Email addresses
ZAPHosting,IP addresses
ZAPHosting,Names
ZAPHosting,Phone numbers
ZAPHosting,Physical addresses
ZAPHosting,Purchases
Zara,Email addresses
Zara,Geographic locations
Zara,Purchases
Zara,Support tickets
ZenBusiness,Email addresses
ZenBusiness,Names
ZenBusiness,Phone numbers
Zhenai,Email addresses
Zhenai,Passwords
Zilvia,Email addresses
Zilvia,IP addresses
Zilvia,Passwords
Zilvia,Usernames
ZLib,Cryptocurrency wallet addresses
ZLib,Email addresses
ZLib,Geographic locations
ZLib,Passwords
ZLib,Purchases
ZLib,Usernames
Zomato,Email addresses
Zomato,Passwords
Zomato,Usernames
Zoomcar,Email addresses
Zoomcar,IP addresses
Zoomcar,Names
Zoomcar,Passwords
Zoomcar,Phone numbers
Zoosk,Email addresses
Zoosk,Passwords
Zoosk2020,Dates of birth
Zoosk2020,Drinking habits
Zoosk2020,Education levels
Zoosk2020,Email addresses
Zoosk2020,Ethnicities
Zoosk2020,Family structure
Zoosk2020,Genders
Zoosk2020,Geographic locations
Zoosk2020,Income levels
Zoosk2020,Names
Zoosk2020,Nicknames
Zoosk2020,Physical attributes
Zoosk2020,Political views
Zoosk2020,Relationship statuses
Zoosk2020,Religions
Zoosk2020,Sexual orientations
Zoosk2020,Smoking habits
Zooville,Dates of birth
Zooville,Email addresses
Zooville,IP addresses
Zooville,Passwords
Zooville,Usernames
Zurich,Dates of birth
Zurich,Email addresses
Zurich,Genders
Zurich,Names
Zurich,Vehicle details
Zynga,Email addresses
Zynga,Passwords
Zynga,Phone numbers
Zynga,Usernames
Gemotest,Dates of birth
Gemotest,Email addresses
Gemotest,Genders
Gemotest,Government issued IDs
Gemotest,Health insurance information
Gemotest,Names
Gemotest,Passport numbers
Gemotest,Physical addresses
Parapa,Email addresses
Parapa,Passwords
Parapa,Usernames
SprashivaiRu,Dates of birth
SprashivaiRu,Email addresses
SprashivaiRu,Genders
SprashivaiRu,Geographic locations
SprashivaiRu,IP addresses
SprashivaiRu,Passwords
SprashivaiRu,Spoken languages
DecoratingTheHouse,Email addresses
DecoratingTheHouse,Names
DecoratingTheHouse,Phone numbers
DecoratingTheHouse,Usernames
